earthquake_id,mag,place,depth,time,summary_text,created_at
"aka2026jcufoy","6.1","Rat Islands, Aleutian Islands, Alaska","16.3","1778301741975","基本概况：
北京时间2026年5月9日12时42分21秒，美国阿拉斯加阿留申群岛中的拉特群岛地区发生了一次6.1级地震。震中位于北纬50.9810度，西经179.2140度，震源深度约为16.3公里，属于浅源地震。此次地震发生在人烟稀少的偏远海域，陆地上没有大型城镇分布。

科学解读：
该地震发生在太平洋板块与北美板块之间的阿留申俯冲带上。太平洋板块在此处以每年约70毫米的速度向北俯冲到北美板块之下，形成典型的板块汇聚边界。此次地震属于俯冲带浅部的逆冲型断层活动，与板块间的应力积累释放直接相关。历史对比：阿留申群岛地区常常发生中强地震。例如，2013年7月该区域曾发生一次6.0级地震，深度约30公里，未造成明显破坏；2020年1月发生一次6.2级地震，深度约20公里，同样未引发严重灾害。本次地震的震级和深度与上述历史事件相似，属于该构造带常见的中等强度地震活动。

地震破坏：
由于震中位于海洋中，距离最近的居民点（如阿留申群岛上的小型村落）在数百公里以上，因此预计不会对陆地建筑物造成破坏。浅源地震可能在海域产生轻微的海底震动，但6.1级地震引发大规模破坏性海啸的可能性较低。不排除局地海域出现小型海啸波，但波高一般不超过数十厘米，影响范围主要集中在震中周围数百公里内的开阔大洋，不会对沿海人类活动构成威胁。未报告有地面裂缝、山体滑坡等次生地质灾害。此次地震的观测意义主要在于加深对阿留申俯冲带断层活动的认识。","1778457887294"
"us7000si2z","6","5 km WNW of Nena, Philippines","73.268","1777874990058","基本概况：
2026年5月4日14时09分50秒，在菲律宾尼纳（Nena）西北约5公里处发生一次里氏6.0级地震，震中位于北纬11.7774度、东经125.3718度，震源深度为73.3公里。该地震属于中源地震，由于深度较大，地表震动烈度可能低于同等震级的浅源地震。

科学解读：
此次地震发生在菲律宾海板块与欧亚板块的俯冲带交汇区域。具体而言，菲律宾群岛东缘的菲律宾海沟是板块俯冲的边界，太平洋板块在此向西俯冲到菲律宾海板块之下，而本次震中位于萨马岛附近，属于菲律宾断层带与俯冲带连接的复杂构造区。震源深度73.3公里表明地震发生在俯冲板片内部，属于板内中源地震，断层类型以逆冲为主。历史数据显示，该地区曾发生多次类似中源地震，例如2023年9月萨马岛北部曾发生一次M6.2、深度60公里的地震，造成局部建筑物开裂和山体滑坡，未引发大规模伤亡；2020年同区域发生过M6.4、深度70公里的地震，震中周边有轻微破坏记录。本震震级与深度均处于该区域典型范围，破坏力相对有限。

地震破坏：
由于震源深度超过70公里，地震能量在地表传播过程中衰减较快，预计破坏范围主要集中在震中周边半径50公里内的城镇，如尼纳、博龙岸等地。可能的破坏类型包括：老旧房屋墙体开裂、瓷砖脱落、非承重墙出现裂缝；山区陡坡地带可能触发小型滑坡或滚石，但大规模山体滑坡概率较低；沿海地区（如萨马岛东岸）观察到轻微海面波动，但受深度影响引发破坏性海啸的可能性极小。地表裂缝罕见，仅在松散填土区可能略有显现。总体而言，预计无大面积倒塌或严重人员伤亡，但需警惕震后局域通信中断和电力供应短时中断。","1778458017954"
"us6000sw5q","5.9","southeast Indian Ridge","10","1778224663055","基本概况：
本次地震发生于2026年5月8日15时17分43秒，震级为5.9级，震源深度10.0公里，震中位于南纬43.4120度、东经91.7023度的东南印度洋中脊区域。该位置远离主要陆地，最近的较大陆块是南极洲和澳大利亚西南部，距离均超过2000公里。

科学解读：
东南印度洋中脊是印度-澳大利亚板块与南极洲板块之间的离散型板块边界，属于洋中脊扩张带。该边界以正断层活动为主，地壳因拉张而变薄，经常发生浅源地震。本次震源深度仅10公里，属于典型的洋中脊浅源地震。历史资料显示，该区域每1至3年便会出现一次5.5至6.5级的地震，例如2019年曾记录到一次6.0级地震，深度同样约10公里，均未造成任何陆地损失。由于远离人口密集区，这类地震通常只有海洋地震监测台网能够记录到，对人类社会影响极低。

地震破坏：
由于震中位于无人居住的远洋地区，本次地震不会造成建筑物破坏、地面裂缝、山体滑坡或海啸等灾害。5.9级地震在洋中脊上能量释放范围虽可达数百公里，但海底并无基础设施，且水深超过3000米，波浪能量在传播过程中迅速衰减，不会对周边海岸构成威胁。唯一可能的微弱影响是震中附近海域的科考船或航行中的船只可能会感知到轻微摇晃，但不会造成实质性损坏。因此，本次地震的破坏性实际为零。","1778458030270"
"us6000swf4","5.8","292 km WSW of Adak, Alaska","26.482","1778301743298","基本概况：
北京时间2026年5月9日12时42分23秒，美国阿拉斯加阿达克镇西南方向约292公里海域发生一次5.8级地震。震中位于北纬51.0818度，东经179.3490度，震源深度26.5公里，属于浅源地震。

科学解读：
该地震发生在阿留申俯冲带中段，太平洋板块在此处向北俯冲至北美板块之下，形成典型的板块汇聚边界。震源深度26.5公里位于俯冲板块上界面附近，属于俯冲带板间逆冲型地震。该区域历史上发生过多次类似震级的地震，例如2024年5月同一位置曾发生M6.1地震（深度约30公里），未造成人员伤亡和明显破坏；2003年该区域也记录过M5.7浅源地震，均以海啸预警为主要关注点，无直接陆地灾害。这类地震的震源机制通常为逆断层，与板块挤压作用一致。

地震破坏：
由于震中远离最近陆地（阿达克镇约292公里），且震级为中等，预计不会对建筑物、道路或地面造成直接破坏。震中附近为开阔海域，无居民点，因此不会出现地面裂缝、滑坡或房屋倒塌。然而，浅源地震可能激发局部海啸，根据历史经验，M5.8级海底地震引发的海啸波高通常小于0.3米，主要影响范围限于震中周边100公里内的海域，不会对阿拉斯加沿海城镇产生显著威胁。国家海啸预警中心可能发布最低级别的海啸信息公告，但无需撤离。整体来看，此次地震的破坏程度极低。","1778458042895"
"us6000svnr","5.8","235 km ESE of Attu Station, Alaska","10","1778076932254","基本概况：
2026年5月6日22时15分32秒（UTC），在阿拉斯加阿图站以东约235公里处发生一次M5.8级地震。震中位于北纬52.2595度，东经176.5180度，震源深度10.0公里。这是一次浅源中强地震，震中地处人烟稀少的阿留申群岛海域。

科学解读：
该地震发生在太平洋板块与北美板块之间的阿留申俯冲带。太平洋板块以约6-7厘米/年的速率向西北俯冲于北美板块之下，形成阿留申海沟和复杂的岛弧构造。此次地震属于逆冲型断层活动，为俯冲界面上的典型地震。该区域历史上中强震频发，例如2020年7月曾发生M7.8浅源地震，但未造成严重破坏；2005年同样区域发生过M5.9地震，深度约15公里，均未引发显著人员伤亡。本次M5.8、深度10公里的地震规模和深度与过往事件相似，属于该俯冲带正常应力释放。

地震破坏：
由于震中位于海域，且远离居民聚居区（最近城镇阿图站距离超过200公里，常住人口极少），预计不会造成建筑物破坏或人员伤亡。浅源地震可能引发局部海底震动，但M5.8级导致显著海啸的概率很低，历史记录中该等级地震未引发灾害性海啸。可能的影响仅限于震中附近无人岛礁上的轻微地裂缝或岩屑崩落，但无观测条件。受影响范围主要集中在水域，对陆地区域无实质性威胁。","1778458054131"
"us7000sidq","5.8","127 km ENE of Pauanui, New Zealand","10","1777968043579","基本概况：
2026年5月5日16时00分43秒，在新西兰北岛以东海域发生一次里氏5.8级地震。震中位于南纬36.7452度，东经177.2617度，距离新西兰北岛城镇帕瓦努伊东北东方向约127公里。震源深度为10.0千米，属于浅源地震。

科学解读：
该地震发生在太平洋板块与澳大利亚板块的边界附近，具体位于希库兰吉俯冲带（Hikurangi Subduction Zone）的东缘。这一区域为板块汇聚边界，太平洋板块向西俯冲到澳大利亚板块之下，形成了复杂的逆冲断层系统。本次地震的浅源深度和震中位置表明它更可能发生在俯冲板块上方的上地壳内，成因与板块挤压导致的断裂滑动有关，断层类型可能为走滑型或逆冲型。历史数据显示，该海域每隔数年就会发生一次5至6级的中强震。例如2021年3月发生的克利夫兰角M6.0地震（深度约10千米）和2023年11月东岬M5.9地震（深度约15千米），这些类似事件均未引起显著破坏，主要因为震中远离人口稠密区，且震源深度较浅但能量衰减较快。本次地震的震级与深度与历史同类地震相当，属于该区域正常的构造应力释放。

地震破坏：
由于震中距离陆地超过120公里，且周围无大型居民点或基础设施，预计不会造成直接的建筑物破坏或人员伤亡。陆地上可能感受到轻微晃动，但强度不足以引发结构性损伤。震中附近海底地形平坦，但浅源地震仍可能触发小范围海底滑坡，不过因距岸较远，不会形成灾害性海啸。受影响最大的区域可能是帕瓦努伊及其周边沿海城镇，可能产生不超过MMI（修正麦加利烈度）3度的有感震动，部分居民会注意到悬挂物晃动，但无实际破坏。总体而言，本次地震的破坏风险极低，无需恐慌。","1778458069709"
"us7000sicu","5.8","76 km S of Tambolaka, Indonesia","35.536","1777963491479","基本概况：
2026年5月5日14时44分51秒，在印度尼西亚坦波拉卡以南76公里处（南纬10.1135度，东经119.3245度）发生一次里氏5.8级地震，震源深度为35.5公里。此次地震属于中源地震，震中位于松巴岛以南的海域。

科学解读：
该区域位于印度-澳大利亚板块与欧亚板块的汇聚边界，属于俯冲带构造环境。印度-澳大利亚板块向北俯冲到欧亚板块之下，这一俯冲作用导致断层活动的频繁发生。本次地震的震源机制推测为逆冲型破裂，与板块俯冲带的应力积累和释放过程相符。历史资料显示，该区域此前曾发生多次5至6级地震，例如2020年同一区域发生过一次M5.6地震，深度约40公里，当时未造成严重破坏；而2000年附近的一次M6.2地震曾引发局部房屋受损。本次M5.8地震的深度和震级均属中等水平，与区域内过往同类事件相比，破裂规模相当。

地震破坏：
综合震级和震源深度分析，本次地震可能引发以下影响：震中附近岛屿上的老旧或抗震性较差的房屋可能出现墙体开裂或轻微损坏，少数不稳固建筑可能发生局部坍塌；震中海域可能观测到小规模扰动，但引发破坏性海啸的可能性极低；沿海岸带松散沉积物区域可能出现地裂缝或小规模滑坡，但范围有限。受影响区域主要集中于震中周边20至50公里范围内的松巴岛南部沿海地带，更远区域如坦博拉卡市可能有明显震感但破坏较轻。","1778458104777"
"us7000shjp","5.8","29 km ENE of Yilan, Taiwan","97.333","1777639195578","基本概况：  
2026年5月1日20时39分55秒，在台湾宜兰县东北东方约29公里处（北纬24.8748度，东经122.0200度）发生一次M5.8级地震，震源深度97.3公里。此次地震属中源地震，震中位于台湾东部海域。

科学解读：  
a) 区域地质背景：台湾地处欧亚板块与菲律宾海板块的聚合边界。菲律宾海板块以每年约8厘米的速度向西北方向俯冲至欧亚板块之下，在台湾东部形成琉球海沟和纵谷断裂系统。本次地震震中位于琉球岛弧与台湾造山带的交界附近，属于板块俯冲带引发的中源地震，发震断层类型为逆冲断层。  
b) 历史相似地震对比：该区域历史上曾发生多次中源地震。例如2022年5月台湾东部海域M5.9级地震，深度约80公里，仅造成局部震感强烈而无明显破坏；2019年4月同一区域M5.6级地震，深度约90公里，同样未引发灾情。本次M5.8、深度97.3公里的地震与这些案例相比，震级和深度相当，且由于深度较大，能量传递至地表时已显著衰减，破坏风险较低。

地震破坏：  
由于震源深度接近100公里，地震波传播至地表时振动已大幅减弱，因此造成严重破坏的可能性较低。预计受影响范围主要为宜兰县、新北市及基隆市等邻近区域，最远可能波及台北市，但震感主要为明显摇晃而非剧烈破坏。建筑物方面，可能仅有少数老旧房屋出现轻微裂缝，不会发生大规模倒塌。地面效应方面，因震中位于海域且深度大，不会产生地表断裂或地面裂缝。海域方面，震源深度超过80公里通常不会引发破坏性海啸。整体而言，本次地震的破坏程度应控制在轻微或无明显灾情范畴。","1778458125403"
"us7000si51","5.7","2 km SE of Zocoteaca de León, Mexico","22.194","1777907966467","基本概况：
2026年5月4日23时19分26秒（当地时间），在墨西哥瓦哈卡州南部靠近太平洋沿岸地区发生了一次5.7级地震。震中位于莱昂索科特亚卡东南约2公里处，地理坐标为北纬16.6223度、西经97.9846度。震源深度为22.2公里，属于浅源地震。该次震中距离墨西哥首都墨西哥城约350公里，震中附近的主要城镇包括莱昂索科特亚卡及普埃布拉州南部部分地区。

科学解读：
本次地震发生在科科斯板块与北美板块交界附近的俯冲带区域。东太平洋的科科斯板块在此处以每年约60至70毫米的速度向北东方向插入北美板块下方，形成中美洲海沟及复杂的逆冲断层系统。由于俯冲带上的应力积累和突然释放，墨西哥南部太平洋沿岸成为全球地震活动最频繁的区域之一。震源深度22公里，属于俯冲带浅部的地壳内破裂事件。历史上，同一区域曾多次发生类似震级地震，如2024年瓦哈卡州沿岸就发生过5.6级浅震，震源深度约20公里，主要造成建筑物轻微开裂和局部落石。2017年该区域曾发生一次6.0级地震，深度约30公里，导致部分老旧房屋受损和山体滑坡，但未引起严重伤亡。本次地震的震源机制以逆冲或逆冲兼走滑为主，与区域构造背景一致。

地震破坏：
由于震级为5.7级且震源深度较浅，预计震中周边20至40公里范围内的乡镇和村庄将感受到明显晃动，部分老旧土坯房、砖石结构房屋可能出现裂缝或局部倒塌，较新建筑可能只有轻微非结构性损伤。地面可能出现细小的地裂缝或原有裂缝扩大，陡峭山坡地带存在零星落石和小规模滑坡的风险，特别是在山区道路两侧。由于震中位于太平洋沿岸内陆约20公里处，震源相对较浅但未直接发生在海底，因此引发破坏性海啸的可能性很小。整个影响范围以震中为中心半径约50公里内，主要受影响区域集中在瓦哈卡州内陆丘陵地带，靠近海边的低洼地区可能会有轻微晃感但无海啸威胁。整体而言，该次地震造成的直接破坏预计为局部中等程度，不会导致大范围建筑倒塌或城市建设区严重损毁。","1778458143734"
"us7000shs2","5.7","17 km SW of Kōya, Japan","59.087","1777714120989","基本概况：
2026年5月2日17时28分40秒，日本和歌山县高野町西南约17公里处发生一次M5.7地震。震中位于北纬34.1070度，东经135.4857度，震源深度59.1公里。地震发生在当地傍晚时段，震中距陆域较近，但深度属于中源地震范畴。

科学解读：
本次地震发生在日本西南部的近畿地区，该区域位于欧亚板块、太平洋板块和菲律宾海板块相互作用的复杂边界带上。菲律宾海板块向西北方向俯冲至欧亚板块之下，形成南海海槽，而这次地震的震源深度（59.1公里）表明它属于板块俯冲带内部或俯冲板片上部的“中源地震”，通常与俯冲板块的弯曲或断层活动有关。震中附近存在中央构造线等活跃断层系统。历史上，该区域曾发生多次类似震级的地震，例如1995年兵库县南部地震（M7.3）深度仅16公里，造成了严重破坏（阪神大地震）；而本次M5.7地震深度更深，能量衰减更快。与2000年发生在和歌山县北部、深度约50公里的M5.4地震相比，本次震级稍大但深度相近，当时未造成重大破坏。这类中源地震一般不会像浅源地震那样引发严重地表破坏。

地震破坏：
由于震源深度较大（59.1公里），地震波在传播至地表过程中能量显著衰减，预计震中周围（半径约30-50公里）可能产生较强的摇晃感，但建筑物结构性破坏风险较低。可能出现轻微的水泥墙裂缝、瓦片掉落、玻璃破碎等非结构破坏。山区可能因震动诱发小型山体滑坡或落石，但范围有限。震中位于陆地区域，无引发海啸的风险。本次地震可能对高野町、桥本市、和歌山市等周边城镇产生Ⅴ-Ⅵ度（日本气象厅震度等级）的震动，不会导致大范围地面断裂或液化现象，基础设施如水电通信基本保持正常。","1778458156220"
"us6000sw6y","5.6","109 km SSE of Lorengau, Papua New Guinea","10","1778242951861","基本概况：
2026年5月8日20时22分31秒（当地时间），在巴布亚新几内亚马努斯省洛伦高镇东南偏南约109公里处发生一次5.6级地震。震源深度10.0公里，属于浅源地震。震中位于南纬2.9127度，东经147.7321度，在俾斯麦海域中。此次地震震级中等，但因其深度较浅，震中附近区域可能会感受到较强震动。

科学解读：
该地震发生在太平洋板块与澳大利亚板块复杂的汇聚边界区域，具体位于俾斯麦海板块和南俾斯麦板块之间的转换断层带附近。这一带构造活动极为频繁，以走滑断层和逆冲断层为主，多条活跃断裂交汇。震源机制通常表现为走向滑动或兼有逆冲分量。历史上，该区域曾多次发生5至6级浅源地震。例如，2016年3月同一海域曾发生M5.7地震（深度约8公里），造成沿岸少数房屋墙体开裂，未报告严重伤亡；2021年9月附近曾发生M5.5地震（深度约12公里），引发局部山体滑坡，但未造成重大破坏。这些地震震级与本次相当，震源深度也均在浅层，破坏范围通常局限于震中距50公里以内的岛屿和沿海地带。

地震破坏：
由于震中位于海域，且距离最近的陆地为马努斯岛（洛伦高镇所在），直线距离超过100公里，因此预计陆地不会出现严重破坏。但浅源地震在海上可能引发局地强烈震动，对于震中附近小型岛屿（如部分环礁或火山岛）上的简易建筑可能造成轻微损坏，例如夯土墙开裂、屋顶瓦片脱落或非承重墙出现裂缝。由于震中海底地形复杂，局部海底滑坡可能发生，但引发破坏性海啸的可能性较低（M5.6不足以激发显著海啸波）。影响范围主要局限在震中距50至80公里内的区域，洛伦高镇及周边村落可能有感，部分老旧房屋或危房可能出现零星损伤，但不会造成大面积倒塌或人员伤亡。无陆地基础设施大规模损坏报告。","1778458170966"
"us6000svmz","5.6","south of the Kermadec Islands","10","1778068008851","基本概况：
北京时间2026年5月6日19时46分48秒，南克马德克群岛以南地区发生一次5.6级地震，震源深度10.0千米，震中位于南纬32.1671度、西经177.9339度。此次地震属于中强震级别，震源较浅，可能对周边海域和岛礁产生一定影响。

科学解读：
该区域地处太平洋板块与澳大利亚板块之间的边界带，属于俯冲带构造体系。太平洋板块在此处以每年约5-7厘米的速度向西俯冲到澳大利亚板块之下，形成克马德克-汤加海沟及密集的地震活动带。本次地震发震断层类型为逆冲型或走滑型，与俯冲带浅部应力积累释放相关。历史上，该区域曾多次发生5-6级浅源地震，例如2021年5月在南克马德克群岛附近发生过M5.7、深度约15千米的地震，未造成重大破坏，引发的小规模海啸也无显著影响。本次地震震级和深度与历史同类事件相当，能量释放规模中等。

地震破坏：
由于震中位于远离主要陆地的南克马德克群岛海域，且附近无大面积人类居住区，预计不会对建筑或基础设施造成结构性破坏。浅源地震可能在局部海域引发轻微海面扰动，但不足以形成灾害性海啸。震中周围数百公里范围内无大型城市，仅可能对过往船只或科学考察站产生可忽略的晃动感。海底地形变动导致小型滑坡的可能存在，但影响范围局限在深海区域，不危及陆域安全。整体上，此次地震的破坏风险极低，公众无需担忧。","1778458182856"
"us6000swk0","5.5","27 km ENE of Cañete, Chile","34.251","1778380447249","基本概况：
2026年5月10日当地时间10时34分07秒，智利比奥比奥大区卡涅特市东北约27公里处发生一次5.5级地震，震源深度34.3公里，震中位于南纬37.72度，西经73.11度。这是一次中等强度的浅源地震。

科学解读：
本次地震发生在纳斯卡板块向南美板块之下俯冲的边界带上，该区域是环太平洋地震带最活跃的部分之一，板块以每年约7-8厘米的速度汇聚，形成典型的逆冲型断层活动。震源深度34公里属于地壳浅部，意味着地震波传播至地表时能量衰减相对较小，容易产生较明显的震动。智利南部历史上曾多次发生类似震级的地震，例如2019年1月在同一区域发生过一次5.6级地震，深度约30公里，造成少数老旧房屋出现裂缝，无人伤亡；2021年3月附近记录到一次5.3级地震，深度28公里，仅引发局部山坡落石。这些历史案例显示，该地区5.5级左右地震属于常见背景活动，通常不会造成大规模破坏。

地震破坏：
本次地震可能导致震中附近10-30公里范围内的老旧建筑出现墙体裂缝、瓦片滑落或窗户破裂，部分不稳定的石砌烟囱可能倒塌。由于震中位于智利海岸山脉丘陵地带，坡度较陡的区域可能触发小规模滑坡或滚石，威胁乡村道路安全。震中距离太平洋海岸约30公里，且震源深度大于30公里，通常不会激发破坏性海啸。影响范围主要集中在卡涅特及其东北方向村镇，估计会有强烈震感，但震中以外50公里区域受到的破坏将显著减弱。电力中断和通讯短暂拥塞可能在局部发生，但预计不影响主要城市。","1778458199042"
"us6000svp9","5.5","25 km ENE of Baganga, Philippines","10","1778081746736","1) 基本概况：
北京时间2026年5月6日23时35分46秒，菲律宾棉兰老岛东岸外海发生一次5.5级地震。震中位于北纬7.6333度，东经126.7818度，距离巴甘加东北约25公里。震源深度为10公里，属于浅源地震。

2) 科学解读：
此次地震发生在菲律宾海板块向西俯冲至欧亚板块（巽他板块）边界的菲律宾海沟俯冲带附近，区域构造以逆冲断层为主，同时受到菲律宾断层带（一条左旋走滑活动断裂）的调节。该地区历史上中强震频发，例如2023年8月同一区域曾发生6.0级地震（深度约20公里）导致局部房屋受损和轻微滑坡；2019年11月该区域附近也曾发生5.6级地震（深度约15公里），主要造成山体开裂和少数老旧房屋墙体开裂。本次5.5级地震深度更浅，能量释放更集中，但震级与历史同类地震相当，属该区域典型的中等强度构造地震。

3) 地震破坏：
由于震级中等且震源较浅，预计在震中周围20至30公里范围内的乡镇（如巴甘加、卡特埃尔等）可能出现以下影响：部分老旧或抗震性能较差的木结构房屋和砖混房屋发生墙体开裂、屋顶瓦片滑落或轻微倾斜；陡坡地带可能触发小型滑坡或山石滚落；砂土液化区域可能产生细微地裂缝。由于震中位于沿海，但5.5级地震引发破坏性海啸的可能性极低，仅可能观测到微弱的小幅度海面波动。整体而言，人员伤亡概率较低，主要威胁集中在未加固建筑和地质灾害敏感点，影响范围大致限于震中周围半径50公里内。","1778458217786"
"us7000s789","7.5","158 km W of Neiafu, Tonga","234","1774327071627","基本概况：
2026年3月24日12时37分51秒，在汤加群岛地区（南纬18.54度，西经175.48度）发生一次震级为M7.5的地震。震中位于汤加主要岛屿内亚富以西约158公里处，震源深度为234.0公里，属于中源地震。

科学解读：
本区域位于太平洋板块与印澳板块的交界处，即汤加海沟俯冲带。太平洋板块在此处以较大角度向印澳板块下方俯冲，形成了一条深度超过600公里的贝尼奥夫带。本次地震发生在地幔深度约230公里的俯冲板块内部，断层类型为逆冲型，是由俯冲板块内部的应力积累突然释放引起的。汤加海沟及附近地区历史上曾发生多次中源和深源大地震，例如2022年8月发生的M7.6深源地震（深度约200公里）以及2017年5月的M7.7地震（深度约15公里，造成局部破坏）。与这些历史事件相比，本次地震震级相近，但深度明显更大，属于中源地震，其地表影响通常弱于浅源地震，且极少触发海啸。

地震破坏：
由于震源深度达234公里，地震波在传播至地表时能量已显著衰减。预计对汤加群岛的主要岛屿（如瓦瓦乌群岛、哈派群岛）可能产生中度晃动，但造成建筑物严重倒塌或地面裂缝的可能性较低。震中距主要人口密集区较远（约160公里），且当地建筑多为木质或轻质结构，在深源震动下有较好韧性，因此严重破坏的风险较小。此次地震引发海啸的概率极低，因为深源地震难以引起显著的海底垂直位错。局部地区可能出现山体滑坡，尤其在陡峭海岸附近，但整体影响范围和破坏程度预计远小于同等震级的浅源地震。","1778458252862"
"us6000sri7","7.4","100 km ENE of Miyako, Japan","35","1776671580185","基本概况：
2026年4月20日15时53分，在日本本州岛东北部以东海域（北纬39.9532度，东经143.0462度）发生一次7.4级地震，震源深度35公里。震中位于宫古市东偏北约100公里处，属于太平洋板块向北美板块俯冲带的典型浅源中强地震。

科学解读：
此次地震发生在日本海沟西侧的俯冲边界上，太平洋板块在此处以每年约8厘米的速度向北美板块（或鄂霍次克板块）下方俯冲，板块间逆冲断层不断积累应力，释放时形成地震。震源深度35公里属于浅源地震，破裂机制通常为逆冲型。历史上该区域曾多次发生类似地震，例如2003年十胜近海地震（M8.0，深度约42公里，引发海啸并造成房屋损坏和人员伤亡），以及2011年东北地区太平洋近海地震（M9.0，深度约24公里，造成巨大破坏和海啸）。本次地震震级7.4，深度稍大，但能量释放规模显著，属于该俯冲带典型的板间大地震。

地震破坏：
震中位于海域，距离最近陆地约100公里，因此对日本东北地区沿海城市（如宫古、久慈、八户等）可能造成较强震感，并诱发建筑物晃动、老旧房屋墙体开裂、玻璃破碎等破坏。震源较浅，可能引发局部海底地壳变动，导致海啸风险，预计海啸波高在沿岸地区可达1至3米，对低洼地带和港口设施构成威胁。陆地影响范围可能涵盖岩手县、青森县、宫城县等沿海区域，震中周边200公里内可能有地面震动造成的滑坡或落石，但直接震陷和地裂缝主要限于近岸及岛屿区域。此外，强烈震动可能影响输电线路和通信基站，造成短暂断电和通信中断。","1778458263469"
"us6000slss","7.4","129 km ESE of Bitung, Indonesia","35","1775083693063","基本概况：
北京时间2026年4月2日6时48分13秒，印度尼西亚北苏拉威西省比通市东南约129公里处发生一次7.4级地震。震中位于北纬1.0931度，东经126.2354度，震源深度为35.0公里，属于中源地震。

科学解读：
该地震发生在印度-澳大利亚板块与巽他板块的斜向俯冲带附近，具体位于马鲁古海板块北缘的复杂构造区。该区域是太平洋板块、菲律宾海板块与印度-澳大利亚板块交汇处，活动断裂发育，以俯冲带逆冲断层为主，同时也伴有走滑断裂活动。历史上，该区域曾发生过多次强震。例如，2018年9月苏拉威西岛帕卢7.5级地震（震源深度约10公里）引发大规模液化、滑坡和海啸，导致重大人员伤亡；而2008年11月比通东北方向发生的7.4级地震（震源深度约30公里）则造成了中等程度的破坏，主要集中在震中附近岛屿的建筑物倒塌和山体滑坡。本次地震震级和深度与2008年事件较为接近，但震中更偏东南海域。

地震破坏：
此次地震发生在海域，距离陆地较远，但震级较高，震源深度中等，预计会对震中附近岛屿（如哈马黑拉岛北部、特尔纳特岛等）及苏拉威西岛东北部沿海地区造成一定影响。可能的破坏类型包括：老旧房屋或抗震性能较差的木结构、砖混建筑出现开裂或局部倒塌；沿海软土地基可能发生沙土液化和地面裂缝；震中附近山区可能触发小型山体滑坡；由于震中位于海洋，且深度较浅，可能引发局部海啸，海浪高度预估在1-3米之间，对周边滨海低洼区域构成威胁。受影响范围半径约为150-200公里，涉及北马鲁古省、北苏拉威西省部分地区，需警惕余震带来的次生灾害。","1778458274235"
"us7000s8q0","7.3","51 km ENE of Luganville, Vanuatu","120.628","1774860253780","基本概况：
2026年3月30日16时44分13秒，瓦努阿图发生一次M7.3地震，震中位于卢甘维尔东北偏东约51公里（南纬15.2865°，东经167.5825°），震源深度120.6公里。这是一次中源地震，震级较强，但由于深度较大，对地表的影响通常较浅源地震有所减弱。

科学解读：
a) 该区域位于太平洋板块与澳大利亚板块的汇聚边界，属于新赫布里底俯冲带。澳大利亚板块向东俯冲到太平洋板块之下，形成深海沟和火山弧。此次地震发生在俯冲板片内部，属于中源地震，震源机制以逆冲型为主，是俯冲带应力积累与释放的典型表现。
b) 该地区历史上多次发生7级以上地震。例如，2021年10月瓦努阿图发生M7.0地震，深度约90公里，造成局部房屋损坏和山体滑坡；2016年4月发生M7.0地震，深度约35公里，导致一定破坏。本次地震震级更高，但深度更大（120.6公里），通常中源地震对地表的震动烈度低于同震级浅源地震，历史案例显示类似深度（100-130公里）的7级地震破坏范围有限，主要以建筑物摇晃、老旧房屋开裂为主，较少引发严重倒塌。

地震破坏：
由于震源深度超过100公里，地表烈度预计在VI至VII度之间（衡量地震烈度），主要影响范围集中在震中附近的圣埃斯皮里图岛、马勒库拉岛等岛屿。可能造成的破坏包括：老旧或抗震能力较差的建筑出现墙体裂缝、瓦片脱落；山区可能引发小规模滑坡或滚石；海岸地区可能出现局部海流异常，但中源地震引发破坏性海啸的概率较低。震中距城市较近，卢甘维尔及周边村镇会感受到强烈晃动，但预计不会出现大面积建筑倒塌。总体而言，本次地震的破坏程度相对局限，不会造成大范围灾难性后果。","1778458288274"
"us6000sasz","7.1","57 km NNW of Kota Belud, Malaysia","629","1771779466738","基本概况：
2026年2月23日0时57分46秒，在马来西亚哥打贝卢德西北约57公里处发生一次7.1级地震，震源深度为629.0公里。震中位于北纬6.8541度，东经116.2942度。

科学解读：
a) 区域地质背景：该地震发生在马来西亚沙巴州以北的苏禄海区域，位于欧亚板块与菲律宾海板块的复杂汇聚边界附近。该区域俯冲带活动显著，但本次地震震源深度达629公里，属于深源地震，通常对应俯冲板块内部的断裂活动，而非浅部断层直接破裂。断层类型以逆冲为主，与俯冲板块的弯曲和应力释放相关。b) 历史相似地震：在东南亚地区，深源地震如2004年印度洋8级以上巨震多发生在浅部，但类似深度的强烈地震（如2021年菲律宾棉兰老岛M7.1地震，深度约600公里）通常不会造成重大地表破坏。本次地震深度更深，能量在传播中大幅衰减，破坏潜力远低于浅源地震。

地震破坏：
由于震源深度极深（629公里），地震波到达地表时能量已大幅减弱，预计不会引发强烈地面震动。可能的破坏类型包括：高层建筑或软地基上的结构可能感受到轻微晃动，但结构性损坏风险很低；地面裂缝、滑坡或砂土液化等次生灾害概率极小；海啸威胁可忽略，因深源地震通常不引发显著海水位移。受影响区域范围可能以沙巴州及周边岛屿为主，半径约100至200公里内部分区域有震感，但整体影响轻微。","1778458307466"
"us6000si5l","6.6","northern Mid-Atlantic Ridge","10","1774095406629","基本概况：
本次地震发生于2026年3月21日20时16分46秒，震中位于北纬23.8601度、西经45.7987度，即北中大西洋洋中脊区域。地震震级为6.6级，震源深度10.0千米，属于浅源地震。

科学解读：
a) 该区域属于北大西洋洋中脊，是欧亚板块与北美板块之间的离散型板块边界。洋中脊轴线处地壳较薄，岩浆上涌形成新洋壳，同时伴随正断层活动。本次地震即为洋中脊轴部正断层错动所致，属于典型的洋脊地震。
b) 北中大西洋洋中脊是中等强度地震的频发区，历史上曾多次记录到6级左右地震，如1994年该区域发生过M6.4地震,震源深度约15千米,以及2005年的一次M6.5地震,深度约10千米。这些地震均位于远离大陆的深海区，震源较浅，但未对陆地造成明显破坏。本次地震震级与之相当，深度也一致，符合该区域的地震活动规律。

地震破坏：
由于震中位于广阔的北大西洋中部，距离最近的陆地（如亚速尔群岛）超过数百千米，因此地震不会对建筑物、桥梁或道路等陆上基础设施造成影响。海底地震可能引发局部海底滑坡，但水深大、能量低，不会形成有威胁的海啸。本次地震的影响范围仅限于震中附近的海底区域，不涉及人口聚居区，无人员伤亡和财产损失风险。","1778458320469"
"us7000s7u4","6.5","123 km E of Yamada, Japan","16","1774534731927","1) 基本概况：
本次地震发生于北京时间2026年3月26日22时18分51秒，震中位于日本岩手县山田町以东约123公里的海域，具体坐标为北纬39.4397度，东经143.3826度。震级为6.5级，震源深度16.0公里，属于浅源地震。

2) 科学解读：
该地震发生在太平洋板块向北美板块（鄂霍次克板块）俯冲的边界带，具体位于日本海沟西侧附近。该区域是典型的俯冲带构造，经常发生浅源逆冲型地震及板内地震。本次地震震源深度较浅，属于俯冲带内部或板块边界附近应力积累释放的结果。历史上，该区域曾发生多次类似震级的地震，例如2011年东北近海9.0级大地震的同震破裂区南段也曾有多次6级以上余震。相比而言，本次6.5级地震能量释放规模中等，历史上同区域同深度地震通常不会引发大规模海啸，但会产生强有感震动，并可能触发局部海底滑坡。该地震深度16公里，与多数浅源破坏性地震的深度区间一致。

3) 地震破坏：
由于震中位于海中，距离陆地约123公里，预计陆地区域烈度主要分布在IV至VI度之间。可能产生的破坏包括：震中周边沿海城镇建筑物出现轻微至中等损坏，如老旧木结构房屋墙体开裂、瓦片滑落；距离较近的港口地区可能出现地面裂缝或地基变形。海底地形变动可能触发局部小规模海啸，但通常不会波及较远海岸。此外，陡峭的山坡区域可能发生零星滑坡或落石。总体而言，由于震源较浅但离岸较远，破坏范围主要局限在岩手县东部沿海部分地区，不会形成大面积严重灾情。","1778458333012"
"us6000shlp","6.5","South Shetland Islands","21","1773966124661","基本概况：
北京时间2026年3月20日08时22分04秒，南设得兰群岛（南纬61.1875度，西经56.4033度）发生一次6.5级地震，震源深度约21.0公里。此次地震位于南极半岛北部的群岛区域，属于中源浅源地震，震中附近无常驻人口城市，主要受影响的为科学考察站及周边海域。

科学解读：
a）区域地质背景：南设得兰群岛位于南极板块与斯科舍板块的汇聚边界，南设得兰海沟是板块俯冲带的一部分。此次地震发生在俯冲带浅部，推测为逆冲型断层活动所致，属于典型的板块边界地震。
b）历史类似地震对比：该区域历史上曾多次发生6级以上地震，例如2021年1月南设得兰群岛发生过一次7.0级地震，震源深度约10公里，未造成人员伤亡和重大财产损失；2018年发生过一次6.2级地震，深度15公里，均未引发显著破坏。本次6.5级地震与历史事件在震级、深度上基本一致，属于该区域常见的构造活动。

地震破坏：
由于震中位于海洋中，且周边岛屿多为无人或仅有少量科考站，预计地震不会造成人员伤亡或建筑物严重破坏。可能的影响包括：科考站内物品晃动、轻型建筑出现细微裂缝；海底地形变动可能引发局部海浪，但形成破坏性海啸的概率较低；若震中附近有冰架或冰川，可能出现冰崩或冰面裂隙，但范围有限。总体而言，影响范围集中在震中半径约50至100公里内的海域和岛屿，对南极洲主要科考活动干扰较小。","1778458345853"
"us7000rm3k","6.5","0 km W of San Marcos, Mexico","18","1767362295741","基本概况：
本次地震发生于2026年1月2日21时58分15秒（当地时间），震级为里氏6.5级，震中位于墨西哥圣马科斯市以西0公里处，即该城市正下方。震源深度为18.0公里，属于浅源地震。震中精确坐标为北纬16.7980度，西经99.3939度。由于震中紧邻人口聚集区且深度较浅，地震能量释放后对地表的影响会较为显著。

科学解读：
a) 区域地质背景：墨西哥西南部地处科科斯板块与北美板块的汇聚边界，属于俯冲带构造环境。科科斯板块以约6-7厘米/年的速率向东北方向俯冲至北美板块之下，持续积累的应力沿俯冲界面或浅部地壳断裂释放，形成中强震乃至巨大地震。本次地震震源位于俯冲带浅部，推测发震断层为逆冲型或走滑型，与板块边界活动密切相关。该区域历史上曾多次发生破坏性地震，如1985年米却肯州8.1级地震（约350公里外），以及2017年恰帕斯州8.2级地震，均与同一板块边界活动有关。b) 与历史相似地震对比：本次M6.5地震在震级和深度上，与1995年9月14日格雷罗州Mw7.4地震（深度约20公里，引发局部破坏和山体滑坡）具有可比性，但震级较低。更近的类似事件是2021年9月7日同一区域发生的M7.0地震（深度约20公里），造成建筑损坏和部分人员伤亡。本次地震深度略浅，震级稍低，但震中更靠近城镇，因此破坏潜力不容忽视。

地震破坏：
由于震中位于圣马科斯市正下方且震源较浅，预计当地及周边半径约30-50公里的范围内将遭受中等至严重的地面震动。主要破坏类型包括：老旧砖石或未抗震设防的建筑出现墙体开裂、结构变形甚至局部倒塌；较松散地基上可能出现地面裂缝和砂土液化现象；震中附近山区因震动诱发小规模滑坡和落石，可能阻塞道路；由于震中位于内陆（距太平洋海岸约10公里），且深度为18公里，海啸风险较低，但应注意局部水深变化引发的异常海浪。受影响范围主要集中于格雷罗州沿海平原及丘陵地带，包括圣马科斯、阿卡普尔科等城镇可能感受到明显晃动，部分脆弱建筑受损，电力、供水等基础设施或出现短暂中断。","1778458362874"
"us7000s211","6.4","223 km ESE of Attu Station, Alaska","10","1772646876723","1) 基本概况：
2026年3月5日1时54分36秒（北京时间），在阿拉斯加阿图站东南偏东约223公里处发生了一次M6.4地震。震中位于北纬52.3258度，西经176.3707度，震源深度为10.0公里，属于浅源地震。

2) 科学解读：
a) 区域地质背景：该地震发生在阿留申弧的俯冲带区域，太平洋板块在此处以每年约6至7厘米的速度向北俯冲到北美板块之下。俯冲界面上的逆冲断层活动是这一带浅源地震的主要成因，震源机制通常为逆冲型或走滑型。
b) 历史地震对比：阿留申群岛地区历史上发生过多次6级以上浅源地震。例如2020年7月22日在该区域附近曾发生M7.8事件，震源深度约28公里，当时引发了约0.5米的小规模海啸，但未造成人员伤亡或建筑物破坏。本次M6.4地震震级略小，深度更浅，其能量释放和地面震动强度通常弱于7级以上地震，且震中远离陆地和主要人口聚居区。

3) 地震破坏：
由于震中位于偏远海域，距离最近陆地（阿图站）超过200公里，预计不会对陆上建筑或基础设施造成直接破坏。浅源地震可能引发海底局部滑坡或地表破裂，但基于震级和位置，破坏性海啸发生的概率较低。区域内的海啸监测系统通常会依据波形数据进行评估。主要影响可能是震中附近海域的船只感受到震动，以及地震波传播导致的轻微摇晃，但整体影响范围有限，未覆盖城市或居民点。","1778458382621"
"us6000s94q","6.4","48 km W of Port-Olry, Vanuatu","43","1771036062554","基本概况：
2026年2月14日10时27分42秒，在瓦努阿图共和国埃斯皮里图桑托岛附近海域发生一次M6.4地震。震中位于南纬14.9918度，东经166.6216度，震源深度为43.0公里。震中距离瓦努阿图东北部城镇Port-Olry约48公里，这是一个位于太平洋西南部的地震活跃带。

科学解读：
a) 区域地质背景：本次地震发生在太平洋板块和澳大利亚板块的汇聚边界，具体位于新赫布里底俯冲带。该区域是澳大利亚板块向太平洋板块之下俯冲的俯冲带，板块运动导致地壳应力积累，断层类型以逆冲断层为主。瓦努阿图群岛正处于这种俯冲作用形成的火山岛弧带上，地质活动频繁，属于全球地震高发区之一。
b) 历史相似地震比较：该地区历史上曾多次发生中强震。例如，2024年在该区域附近发生过一次M6.5地震，震源深度约50公里，造成轻微建筑物开裂和局部山体滑坡，无重大人员伤亡。2021年的一次M6.3地震，震源深度35公里，同样位于Port-Olry西部海域，导致沿岸部分老旧房屋受损。本次M6.4地震的震源深度略深于该区域常见浅源地震，能量释放相对分散，但震级较高，仍需警惕次生灾害。

地震破坏：
本次M6.4地震震中位于海域，距离陆地较近，可能对瓦努阿图北部岛屿产生一定影响。主要破坏类型包括：海域附近村镇的建筑物摇晃和墙体开裂，特别是砖石结构或老旧房屋；沿岸地区可能因震动出现地裂缝或沙土液化；震中周边山区存在山体滑坡或落石风险。由于震源深度43公里且震级未达7级，引发破坏性海啸的可能性较低，但沿海低洼区域可能出现小幅浪涌。受影响范围主要集中在震中半径50至80公里内的村庄和城镇，如Port-Olry和埃斯皮里图桑托岛北部沿海，预计不会造成大规模结构性倒塌，但可能干扰交通和通讯。","1778458401779"
"us7000rnwd","6.4","247 km SE of Sarangani, Philippines","31","1768057103726","基本概况：
2026年1月10日22时58分23秒（当地时间），在菲律宾萨兰加尼东南约247公里的海域发生了一次6.4级地震。震中位于北纬3.7767度，东经126.9922度，震源深度31.0公里。此次地震属于中源地震，发生于菲律宾群岛东南部的西里伯斯海区域，距离陆地较远。

科学解读：
这一区域位于菲律宾海板块与欧亚板块的交界地带，属于巽他海沟与西里伯斯海盆的复杂构造区。主要受菲律宾海板块向西俯冲的控制，断裂类型以逆冲断层为主，同时夹杂走滑分量。历史上该区域曾多次发生中强地震，例如2023年7月曾发生一次6.6级地震（深度约50公里），未造成重大伤亡；2021年8月有一次6.7级地震（深度约40公里）引发了局部海啸预警，但破坏程度较轻。本次地震震级6.4、深度31公里，与这些历史事件规模相近，同为板块俯冲带常见的海底地震。

地震破坏：
由于震中位于远离陆地的海域，距离最近的大型居民点（如萨兰加尼）超过240公里，因此预计不会对沿岸建筑物直接造成结构性破坏。烈度在附近岛屿可能不超过IV度（室内有感，悬挂物晃动），地面裂缝和滑坡的风险极低。震源深度31公里不足以激发破坏性海啸，但局部海域可能出现轻微海流异常。潜在影响范围主要是震源周围海域的船只可能感受到震动，以及震中200公里内的监测站会有数据记录，整体破坏可以忽略。","1778458413337"
"us7000rn2z","6.4","35 km E of Santiago, Philippines","22","1767754973890","基本概况：
2026年1月7日11时02分53秒，在菲律宾圣地亚哥以东约35公里处发生一次6.4级地震，震源深度22.0公里，震中位于北纬7.2449度、东经126.8953度。这是一次中等强度的浅源地震，震中靠近菲律宾东部沿海地区。

科学解读：
a) 该地震发生在菲律宾海板块与欧亚板块的汇聚边界上，属于菲律宾海板块向西俯冲到菲律宾移动带之下的活动俯冲带。震源机制以逆冲型断层为主，是板块俯冲过程中应力积累突然释放的结果。b) 该区域历史上曾多次发生6级以上地震。例如1976年8月17日在附近发生的7.6级地震（深度约20公里）曾引发大规模海啸并造成严重人员伤亡。本次6.4级地震震级较小，深度相近，但能量释放相对较低，其破坏力通常弱于7级事件，但同样值得警惕。

地震破坏：
由于震中位于陆缘近海且深度较浅，预计震中附近约30-50公里范围内的城镇（如圣地亚哥、比斯利格等）可能会感受到较强晃动，可能引起老旧建筑墙体开裂、屋顶瓦片滑落以及非结构构件损坏。在地质条件较差的区域，如陡坡或松散沉积层地带，可能出现边坡垮塌或小型滑坡。考虑到震中临海，虽然6.4级逆冲型地震在浅源条件下可能会触发小规模海啸，但通常波高有限，沿海低洼地带需关注短时水位异常。整体而言，本次地震造成广泛毁灭性破坏的可能性较低，主要影响集中在震中附近的人口聚居区及基础设施。","1778458439165"
"us6000sii1","6.3","140 km ENE of Hihifo, Tonga","12","1774193436570","基本概况：
2026年3月22日23时30分36秒（当地时间），在汤加希希福东北方向约140公里处（南纬15.3376度，西经172.6520度）发生了一次6.3级地震，震源深度为12.0公里。地震发生在太平洋西南部的汤加群岛区域，属于浅源地震。

科学解读：
a) 该地震发生在太平洋板块与澳大利亚板块汇聚的俯冲带边界。太平洋板块在此处以较快的速率向西俯冲到澳大利亚板块之下，形成汤加海沟及弧后扩张环境。本次地震的震源机制通常表现为逆冲型或走滑型，与板块俯冲引起的应力积累释放有关。该区域地质活动频繁，是全球地震最活跃的地带之一。
b) 该区域历史上经常发生中强震。例如，2022年附近曾发生6.0级左右浅源地震，深度约10公里，未造成严重破坏。2009年汤加附近发生过7.6级深源地震（约120公里），引发小规模海啸，但主要破坏限于局部海岸。本次地震震级6.3、深度12公里，与区域典型浅源地震特征相似，能量释放规模中等，破坏潜力有限。

地震破坏：
由于震中远离人口稠密区（距离最近主要城镇希希福约140公里），且震源较浅，但在海洋区域，主要潜在影响包括：可能引发局部海底滑坡，导致小型海啸（波高通常不超过1米），对临近岛屿海岸构成轻微威胁；震中附近无人岛礁可能发生地面裂隙或小范围崩塌。如果震中附近有船只，可能感受到剧烈晃动。建筑物破坏风险很低，但距离较近的汤加东部岛屿（如纽阿福欧岛）可能有感，老旧房屋或出现轻微裂缝。总体而言，预计不会造成严重人员伤亡或大规模财产损失。","1778458452058"
"us7000s16b","6.3","Fiji region","579","1772343881923","基本概况：
2026年3月1日13时44分41秒，在斐济地区（南纬21.8035度，西经179.4529度）发生一次6.3级地震，震源深度为579.0千米。这是一次深源地震，震中位于南太平洋斐济群岛附近海域。

科学解读：
a) 区域地质背景：斐济地区位于太平洋板块与澳大利亚-印度板块的交界处，属于环太平洋地震带的一部分。该区域的主要构造背景是太平洋板块向西俯冲到澳大利亚-印度板块之下，形成汤加-克马德克俯冲带。此次地震深度达579千米，表明它发生在俯冲板块的深部，通常属于俯冲带内断层或板块内部破裂引发的深源地震，震源机制以逆冲型或走滑型为主。b) 历史相似地震比较：该区域历史上曾发生多次深源地震，例如2018年8月斐济地区一次M7.1深度约560千米的地震，以及2021年一次M6.5深度约580千米的地震。这些深源地震由于深度极大，震中距人口聚集区较远，且能量在传播到地表前已大幅衰减，因此通常不造成直接的地面破坏，也未引发海啸或人员伤亡记录。

地震破坏：
此次地震为深度极大的深源地震，震中位于远离陆地的海域，距离斐济主岛超过200千米。由于深度超过500千米，地震波在传播至地表时能量已显著衰减，预计震中附近海域不会产生明显海啸风险，斐济群岛及周边岛屿的陆地烈度极低（可能仅在II-III度左右），不会对建筑物、基础设施造成结构性破坏，也不会引发地面裂缝、滑坡等地质灾害。影响范围主要局限于震中附近有限海域，对陆地区域无实际破坏性影响。","1778458468441"
"us6000slwy","6.2","111 km WNW of Ternate, Indonesia","35","1775100233642","基本概况：
2026年4月2日11时23分53秒，在印度尼西亚特尔纳特市西北约111公里处发生一次6.2级地震。震中位于北纬1.2031度，东经126.4740度，震源深度为35.0公里。该震级属于中强震，震源深度为中等深度，地震能量释放后对地表的影响相对有限，但考虑到震区人口和建筑特点，仍需关注后续影响。

科学解读：
本次地震发生在印度尼西亚北马鲁古海区域，属于欧亚板块、太平洋板块和印度-澳大利亚板块交汇的复杂俯冲带。具体而言，震中位于马鲁古海板块与菲律宾海板块之间的俯冲边界附近，该区域以逆冲型断层活动为主，常引发中强震至强震。历史对比：2008年7月，同一区域曾发生一次6.2级地震，深度约20公里，造成部分房屋轻微损坏，无重大伤亡；2019年11月，附近发生6.3级地震，深度34公里，导致少量山体滑坡和海崖崩塌。本次地震参数（震级、深度）与上述历史事件相近，但震中位置更偏海域，陆地震感可能较弱。

地震破坏：
由于震中位于海域，且震源深度35公里，预计对附近陆地区域（如特尔纳特及其周边岛屿）的直接影响有限。可能出现的破坏类型包括：沿海地区少数老旧建筑出现裂缝或瓷砖掉落；震中附近海底地形变化可能引发小型局部滑坡，但海底滑坡引发明显海啸的可能性较低，因为深度和震级尚未达到易致灾阈值。综合判断，受影响范围主要在震中半径80公里内的岛屿区域，强震感区人口约数万人，预计基础设施损坏程度较轻，不会出现大范围倒塌或严重次生灾害。","1778458510197"
"us6000sii0","6.2","148 km ENE of Hihifo, Tonga","10","1774193275084","基本概况：
2026年3月22日23时27分55秒，在汤加希希福东北方向约148公里处发生一次6.2级地震，震源深度为10.0公里，震中位于南纬15.2757度、西经172.5991度。此次地震属于浅源地震，震中位于海域，距离汤加主要岛屿有一定距离。

科学解读：
该地震发生在太平洋板块与澳大利亚板块复杂的俯冲边界附近，具体处于汤加海沟构造带。该区域以太平洋板块向西俯冲至澳大利亚板块之下为主要特征，俯冲过程中积累的应力释放常引发中强震。震源深度仅10公里，表明属于浅源构造地震，通常与俯冲界面的逆冲断层活动相关。与历史地震相比，该区域过去曾多次发生6级左右浅源地震，例如2020年一次6.1级地震（深度约12公里）未造成显著破坏，而2017年一次6.3级地震（深度约15公里）仅引起局部房屋轻微开裂和沿海地面小范围摇晃。本次震级和深度与上述事件相似，表明其属于该区域的典型地震活动模式。

地震破坏：
震级6.2级且深度仅10公里，属于浅源地震，但震中远离人口密集区，预计直接破坏程度较低。可能的影响包括：附近无人岛礁出现小规模地面塌陷或裂缝；汤加部分岛屿（如希希福及邻近村镇）可能有轻微建筑物摇晃，但严重损坏风险较小；海底附近未观测到大规模滑坡记录，但需警惕局部海底地形变动引发的轻微海水波动，不过引发破坏性海啸的可能性极低。受波及范围主要集中于震中周围50至100公里内的海上区域，对陆地影响的烈度预计在IV至V度之间（轻微至中等震感），不会造成广泛性灾难。","1778458559085"
"us6000sidb","6.2","121 km NE of Hihifo, Tonga","14","1774160136222","基本概况：
2026年3月22日14时15分36秒（当地时间），在汤加希希福（Hihifo）东北约121公里处发生一次6.2级地震。震中位于南纬15.2470度、西经172.9319度，震源深度14.0公里，属于浅源地震。此次地震发生在太平洋南部海域，震中附近无大型城市，但距离汤加主岛较近。

科学解读：
该地震发生在太平洋板块与澳大利亚板块的交界地带，即汤加海沟俯冲带附近。太平洋板块在此处以较大角度向澳大利亚板块下方俯冲，构造应力积累活跃，是典型的板块汇聚边界。震源深度14公里，属于浅源地震，推测发震断层为俯冲带内的逆冲型断层或板内走滑型断层。该区域历史上6级以上地震频发，例如2019年汤加群岛曾发生一次6.1级地震，深度约12公里，未造成严重伤亡；2023年一次6.0级地震深度15公里，引发小规模海啸但未登陆。本次地震震级、深度与这些历史事件相近，属于该区域常见的中强震活动。

地震破坏：
由于震中位于远离陆地的海域，且震级为6.2级，地震直接造成的建筑物倒塌和地面破坏风险较低。但震源较浅，附近岛屿（如汤加北部瓦瓦乌群岛等）可能感受到明显晃动，部分老旧或抗震能力差的房屋可能发生墙体开裂或屋顶瓦片脱落。海底地形变动可能引发局部轻微海底滑坡，但较难形成大规模破坏性滑坡。同时，浅源海底地震存在诱发局部海啸的可能，不过震中距最近陆地超过120公里，海啸波到达岸边时能量已显著衰减，预计不会造成超过0.5米的海啸波高，但沿海低洼地区仍需警惕水位异常。整体而言，本次地震造成严重人员伤亡或大范围基础设施损毁的可能性很小，主要影响为震感传播范围内的短时恐慌和少量轻微财产损失。","1778458575345"
"us6000sg0y","6.2","71 km W of Vallenar, Chile","24","1773409161201","基本概况：
当地时间2026年3月13日21时39分21秒，在智利瓦列纳尔以西71公里处发生一次里氏6.2级地震，震源深度24.0公里，震中位于南纬28.6929度、西经71.4786度。该地震属于浅源地震，震级中等偏强，震中位于太平洋海域，距离智利北部沿海城市较近。

科学解读：
智利位于纳斯卡板块与南美板块的交界处，这两个板块以每年约7-8厘米的速度相向挤压，形成俯冲带。本次地震发生在俯冲带浅部的逆冲断层上，是板块间应力积累释放的典型表现。该区域历史上曾多次发生中强地震，例如2015年同一构造带曾发生M7.1地震（深度约20公里）并引发小规模海啸，造成局部房屋损坏和电力中断；更早的2007年该区域也发生过M6.7地震（深度约30公里），未造成重大伤亡。对比来看，本次M6.2地震震级略低、深度相近，属于该区域应力正常释放的一部分，未超出历史地震强度范围。

地震破坏：
由于震中位于海洋，且震源深度24公里，地震主要对智利沿海地区产生震动影响。可能的破坏类型包括：震中附近沿海城镇（如瓦列纳尔、科金博等）的建筑物出现墙体开裂、老旧房屋局部倒塌；沿海道路可能出现轻微裂缝或边坡落石；部分山地斜坡可能触发小型滑坡。由于震级未达到触发海啸的典型阈值（通常M7.5以上才需警惕），且震源深度较浅但并非极浅，预计不会引发破坏性海啸，但沿海地区可能出现异常海浪波动。影响范围主要集中在震中周边100-150公里内的沿海地带，人口密集区受影响有限。","1778458587902"
"us7000s2i2","6.2","170 km SE of Kirakira, Solomon Islands","10","1772807268050","基本概况：
2026年3月6日22时27分48秒（当地时间），在所罗门群岛东南部的基拉基拉市东南约170公里处发生了一次震级为M6.2的地震。震中位于南纬11.47度，东经163.10度，震源深度为10.0公里，属于浅源地震。这类浅源地震由于能量释放接近地表，往往会产生较强的地面震动。

科学解读：
该地震发生在太平洋板块与澳大利亚板块的交界带，具体位于所罗门海沟附近。该区域是板块俯冲带，澳大利亚板块向太平洋板块下方俯冲，形成复杂的逆冲断层系统。本次地震很可能是一次逆冲型断层活动。回顾历史地震资料，该区域曾多次发生6级以上浅源地震。例如，2014年同区域发生过M6.5地震，震源深度约15公里，造成部分老旧建筑受损和局部滑坡；2018年也有一次M6.3地震，深度12公里，影响范围主要在震中周围100公里内的岛屿，未引发大规模海啸。本次地震的震级和深度与这些历史事件相当，属于该板块边界常见的中强地震活动。

地震破坏：
由于震中位于海域，距离最近的大型居民点基拉基拉约170公里，因此陆地上建筑物直接遭受强烈震动影响的范围可能有限。预计震中附近无人的小岛或珊瑚礁可能发生轻微的土壤液化或地面裂隙。陆地上，基拉基拉及周边岛屿的城镇可能感受到明显晃动，但大概率不会出现大面积建筑倒塌，不过部分不抗震的老旧木结构或临时房屋可能受损。地震可能引发小规模山体滑坡或滚石，尤其是在地形陡峭的岛屿区域。由于震源深度较浅且为海底地震，存在引发局部海啸的可能性，但震级为6.2级，通常不会产生破坏性海啸，观测到的海啸波高预计不超过几十厘米，主要对海岸线附近的船只和浅滩造成影响。受影响区域大致在震中周围200公里范围内的沿海地区。","1778458601909"
"us7000s1ln","6.2","62 km SE of Sinabang, Indonesia","18","1772513805857","基本概况：
2026年3月3日12时56分45秒，印度尼西亚锡纳邦东南方向约62公里处发生一次6.2级地震。震中位于南纬2.0076度、东经96.6950度，震源深度为18.0公里，属于浅源地震。

科学解读：
该地震发生在巽他板块与印度-澳大利亚板块的汇聚边界附近，具体位于苏门答腊俯冲带区域。印度-澳大利亚板块在此处以约50至60毫米/年的速率向北东方向俯冲至巽他板块之下，形成典型的海沟-俯冲构造体系。此次地震属于俯冲带内的浅源逆冲型或走滑型事件（需结合震源机制确定）。历史对比：同一区域在2004年曾发生9.1级特大地震并引发海啸，但此外较小震级地震更为频繁。例如2022年该区域曾发生6.0级、深度约20公里地震，造成局部房屋老旧民房开裂和轻微滑坡，无重大伤亡。本次6.2级震源深度更浅（18公里），能量释放集中，理论上可能产生比同等深度稍大的浅源地震更明显的地面震动。

地震破坏：
由于震中位于海上，距离锡纳邦约62公里，地震可能对苏门答腊西海岸（如锡纳邦及亚齐省部分沿海地区）产生中等程度影响。潜在破坏类型包括：老旧砖木或未抗震设防房屋出现墙体裂缝、烟囱倒塌等轻微至中等结构损伤；沿海软土地基上建筑物可能因震动和液化出现不均匀沉降；震中附近岛屿丘陵地带可能触发小规模山体滑坡或岩石滚落。鉴于海啸预警机制，18公里深度的海底地震一般不会引发破坏性海啸，但仍需警惕局部海岸变化。影响范围预计以震中为中心半径约80至120公里内的沿海低洼区域，人口密集城镇可能感受到较强晃动，但造成严重倒塌的风险较低。具体损失取决于当地建筑抗震标准和地基条件。","1778458705566"
"us6000s7p7","6.2","Fiji region","513","1770756292845","1) 基本概况：
2026年2月11日04时44分52秒，在斐济地区（南纬21.0263度，西经178.3783度）发生一次6.2级地震，震源深度为513.0公里。本次地震属于中深源地震，震中位于海域，远离居民密集区。

2) 科学解读：
a) 斐济地区位于太平洋板块与澳大利亚板块的汇聚边界，主要受板块俯冲作用影响。此次地震发生在俯冲板片内部，属于中深源地震，断层类型通常与板片弯曲或脱水脆裂相关，而非浅表活动断层。
b) 历史地震记录显示，斐济地区多次发生类似深度和震级的地震，如2020年一次6.1级深度500公里地震，地表破坏轻微或无破坏。这类深源地震因能量在传播中大幅衰减，通常不易引发明显地表损害，破坏程度远低于同震级浅源地震。

3) 地震破坏：
由于震源深度达513公里，地震波传播到地表时能量已大幅衰减，预计不会造成严重的建筑物损坏、地面裂缝或滑坡。海啸风险极低，因为深源地震难以引发海底显著位移。受影响区域主要限于斐济群岛附近海域，但可能对陆地无显著影响，震感范围可能局限在震中周边数百公里内的岛屿，但强度弱。总体而言，本次地震破坏力有限，不会引发大规模灾害。","1778458723688"
"us7000rrbj","6.2","127 km S of Vilyuchinsk, Russia","47","1769085754200","基本概况：
2026年1月22日20时42分34秒，在俄罗斯堪察加半岛南部的维柳钦斯克以南127公里处发生了一次M6.2地震。震中位于北纬51.7914度，东经158.5253度，震源深度为47.0公里。本次地震属于中等强度，震源深度中等，位于太平洋板块与鄂霍次克板块交界附近的俯冲带区域。

科学解读：
本次地震发生在太平洋板块向鄂霍次克板块下方俯冲的边界带上，这是环太平洋地震带的一部分，区域构造活动非常活跃。该区域的主要断层类型为逆冲断层，由板块俯冲挤压作用形成。震源深度47公里属于中源地震，表明破裂发生在俯冲板块内部或板块界面上。历史对比方面，堪察加半岛附近曾多次发生强震，例如1952年发生过M9.0级特大地震并引发海啸，而中源地震如本震的震级较小，通常不会引发大规模破坏。2023年该区域也曾发生过M6.0级左右的地震，深度相似，未报告严重伤亡。本次地震能量释放规模中等，结合深度，对地表影响有限。

地震破坏：
由于震中位于海洋，距离最近的陆地城镇维柳钦斯克约127公里，因此地震直接导致的人员伤亡和建筑物破坏可能性较低。可能的影响包括：在震中附近海域可能观测到海底扰动，但47公里深度和M6.2震级不足以触发破坏性海啸；沿岸地区（如堪察加半岛南部）可能有轻微震感，老旧房屋可能出现裂缝或非结构性损坏，但整体破坏范围局限于距离震中100-200公里的沿海居民点。不会出现大面积地面破裂或大规模滑坡。历史上类似中源地震在该区域未见严重破坏记录。","1778458738536"
"us7000rpcg","6.2","135 km SE of Kuril’sk, Russia","29","1768289647739","基本概况：
2026年1月13日15时34分07秒，俄罗斯库页岛东南约135公里处发生一次6.2级地震。震中位于北纬44.5540度、东经149.3153度，震源深度29.0公里。此次地震发生在千岛群岛附近海域，属于浅源中等强度地震。

科学解读：
该地震发生在太平洋板块向鄂霍次克板块俯冲的千岛-堪察加俯冲带。太平洋板块在此处以每年约80毫米的速度向西俯冲，导致板块界面频繁积累应力并引发逆冲型地震。震源深度29公里属于板间浅源地震，是俯冲带典型的活动特征。历史数据显示，震中附近区域平均每1至2年发生一次6级以上地震，但多数震源深度在20至40公里之间，如2021年该区域曾发生一次6.3级地震，深度31公里，未造成重大破坏。本次地震震级与深度与历史同类事件相当，属于该俯冲带常规应力释放。

地震破坏：
由于震中距库页岛城镇约135公里，且主要位于海域，预计陆地受影响范围有限。震中附近可能观测到海面扰动，但不会引发破坏性海啸。距离震中最近的库页岛东南沿岸可能感受到明显晃动，但烈度估计在IV至V度之间，通常表现为室内悬挂物摇晃、门窗作响。老旧建筑可能出现细小裂缝，但整体倒塌风险低。陆地陡坡地带需警惕小型落石或浅层滑坡。海底地形变化可能轻微，不会导致海底光缆中断或码头设施严重损伤。总体而言，本次地震的破坏性很低，实质性灾害风险极小。","1778458786685"
"us6000st1m","6.1","25 km WNW of Sarabetsu, Japan","81","1777235035589","基本概况：
2026年4月27日当地时间04时23分55秒，日本北海道更别村西北方向约25公里处发生一次6.1级地震。震中位于北纬42.7138度，东经142.8827度，震源深度81.0公里。此次地震属于中源地震，震级中等，因深度较大，对地表的震动影响相对减弱。

科学解读：
a) 区域地质背景：本次地震发生在日本北海道地区，该区域位于太平洋板块、北美板块和欧亚板块的交汇地带。太平洋板块以每年约8-9厘米的速度向西北方向俯冲到北美板块之下，形成千岛-日本海沟俯冲带，是典型的汇聚型板块边界。震源深度81公里属于中源地震，通常与俯冲板块内部的断层活动有关，而非浅层地壳断裂。
b) 历史相似地震对比：北海道地区历史上曾多次发生中源地震。例如，2003年9月26日北海道钏路附近发生M8.3地震，震源深度约42公里，引发严重海啸和地面破坏；而与其深度相似的1994年10月4日北海道东部M8.1地震（深度约59公里）也造成了较大范围破坏。相比之下，本次M6.1地震深度更大（81公里），能量在传播至地表过程中衰减更多，预计破坏程度远小于上述历史地震。在更小的震级尺度上，该区域每隔数年就会发生一次M6级左右的中源地震，通常不会造成严重灾难。

地震破坏：
由于震源深度达81公里，地表震动强度将会显著低于同震级浅源地震。预计震中周边区域（以更别村、带广市为中心的半径约30-50公里范围内）可能感受到明显摇晃，但建筑破坏较轻。可能出现的破坏类型包括：老旧建筑出现细微裂缝或瓦片掉落，室内物品晃动掉落，部分道路边坡出现小规模碎石滚落，但大面积地面裂缝、滑坡或地基失效的可能性较低。由于震中靠近太平洋一侧，但中源地震通常不会直接激发破坏性海啸，因此海啸风险极小。总体而言，本次地震造成严重人员伤亡和财产损失的可能性较低，但震感范围可能覆盖北海道中部和东部广大区域。","1778458880405"
"us6000sred","6.1","88 km NNE of Hihifo, Tonga","36","1776620087284","1) 基本概况：
2026年4月20日当地时间01时34分47秒，汤加北部希希福东北约88公里处发生一次6.1级地震。震中位于南纬15.2155度、西经173.4844度，震源深度36.0公里。本次地震属于浅源地震，震中远离主要城镇，因此直接人口暴露度较低。

2) 科学解读：
该地震发生在太平洋板块向澳大利亚板块俯冲的汤加海沟西侧，属于板块汇聚边界上的浅源构造地震。俯冲带内积累的应力因板块间滑动或挤压突然释放，形成以逆冲型为主的破裂，也可能伴有走滑分量。汤加-克马德克弧是全球地震最活跃的区域之一，历史地震记录显示该区域平均每年发生多次6级以上地震。近20年已有不少于10次5.5-6.5级地震发生在类似深度（30-50公里）和位置，多数未造成严重破坏，仅个别事件引发小规模滑坡或局部海啸。本次地震震级和深度均属该区域典型水平。

3) 地震破坏：
震中距最近的有人岛屿约80公里，预计当地居民会感受到中等至强烈晃动，可能造成少数老旧房屋或非抗震结构出现墙体裂缝、瓦片脱落等轻微损坏。震中附近海底地形变动可能产生小规模海啸，但据历史经验，6.1级浅源地震引发的海啸波高通常低于1米，对汤加主岛及周边岛屿影响有限。陆域可能触发山体上的碎石滚落或局部浅层滑坡，但破坏范围局限在震中附近无人岛礁或海岸崖壁。整体而言，本次地震造成重大人员伤亡和建筑倒塌的可能性很低。","1778459022934"
"us6000shnl","6.1","98 km WNW of Isangel, Vanuatu","21","1773973834150","基本概况：
2026年3月20日10时30分34秒，在瓦努阿图伊桑赫尔以西约98公里处（南纬19.2794度，东经168.3806度）发生一次6.1级地震。震源深度为21.0公里，属于浅源地震。

科学解读：
本次地震发生在太平洋板块和澳大利亚板块的交界处，该区域是环太平洋火山地震带的一部分，地质构造活动强烈。瓦努阿图位于新赫布里底俯冲带上，澳大利亚板块向东北方向俯冲到太平洋板块之下，形成了典型的逆冲型断层环境。震源深度21公里属于浅源地震，通常释放的震动能量更集中地表。历史上，该区域曾多次发生6级以上地震，例如2024年4月附近曾发生6.3级地震（深度约30公里），造成部分老旧建筑受损和局部山体滑坡；2021年10月的一次6.0级地震（深度约35公里）仅引发轻微震动，未造成严重破坏。本区地震频繁，但同等规模地震的破坏程度与震中距陆地的距离密切相关。

地震破坏：
由于震中距伊桑赫尔约98公里，且位于海上，预计对陆地主要造成中等程度的震感，而非直接强破坏。可能的影响包括：沿海岛屿（如坦纳岛）的建筑物出现轻微至中等裂缝，尤其是未经抗震设计的建筑；局部陡峭山坡可能发生落石或小规模滑坡；地面可能出现细小裂缝，但不会形成大规模地裂。海啸风险较低，因为6.1级逆冲型地震通常不足以激发大规模海啸，但需监测海岸潮位变化。总体而言，本次地震的影响范围主要集中在震中周围约100公里内的岛屿，不会造成广泛性严重破坏。","1778459035833"
"us6000s8gw","6.1","28 km SW of Ovalle, Chile","46","1770903271172","基本概况：
2026年2月12日21时34分31秒，智利科金博区奥瓦列西南约28公里处发生一次里氏6.1级地震，震源深度46.0公里，震中位于南纬30.7682度、西经71.4228度。该区域属于智利中部沿海地带，此次地震为中等强度震源稍深的地震事件。

科学解读：
智利位于南美洲纳斯卡板块与南美板块的俯冲边界上，纳斯卡板块以约7厘米/年的速度向东俯冲至南美板块之下，形成活跃的贝尼奥夫带和频繁的板块间逆冲型地震。本次震源深度46公里，属于俯冲带内中源地震，可能发生在板块界面或俯冲板块内部。历史上，该区域曾发生多次相似地震，例如2019年1月科金博附近M6.7地震（深度53公里）导致部分老旧房屋受损但无严重伤亡；2015年9月同一地区M8.3大地震（深度31公里）则引发海啸和较大破坏。本次6.1级地震能量释放远小于8级以上巨震，属该俯冲带常见的中强震活动。

地震破坏：
由于震源深度较大（46公里）且震级为6.1级，地面震动烈度估计在V至VI度（麦卡利烈度标度）之间，破坏范围主要集中于震中周边半径约30至50公里内的人口聚居区。可能的影响包括：老旧或简易建筑墙体开裂、瓦片脱落或局部垮塌；沿海较松散土地区域可能出现地裂缝或少量滑坡；山区道路可能因落石受阻。震中位于近海，但46公里深度通常不会直接触发破坏性海啸，不过仍需关注官方对局部海平面异常波动的监测。预计不会有大规模人员伤亡，但对未加固结构仍存在中低度的安全威胁。","1778459050208"
"us6000s6cx","6.1","Kermadec Islands, New Zealand","167","1770201568490","基本概况：
本次地震发生于2026年2月4日18时39分28秒，震中位于新西兰克马德克群岛海域（南纬29.5260度，西经178.5970度），震级为6.1级，震源深度167.0公里。属于中源地震，震中远离主要陆地，距离新西兰北岛约800公里以上。

科学解读：
a) 区域地质背景：克马德克群岛位于太平洋板块与澳大利亚板块的交界处，具体为太平洋板块向西俯冲到澳大利亚板块之下的俯冲带。该俯冲带构造活跃，是环太平洋地震带的一部分。本次地震发生在俯冲板片内部，属于中源地震，主要与俯冲板片在深部发生弯曲或断裂有关，断层类型可能为逆冲型或板内张裂型。
b) 历史相似地震对比：该区域历史上曾多次发生6级以上中源地震。例如，2021年3月该区域曾发生6.3级地震，深度约200公里，未造成显著破坏；2016年9月发生6.9级地震，深度约160公里，同样未引发海啸或严重灾害。由于深度较大（通常大于100公里），此类地震的地表震动强度较浅源地震弱很多，破坏性通常较低。

地震破坏：
因震源深度达167公里，地震能量在传播至地表时已大幅衰减，预计不会造成显著建筑损坏或地面破裂。震中位于海域，附近无大型居民点，仅有少量无人岛礁。可能的影响包括：震中附近海域船只可感到轻微晃动，但无海啸风险（中源地震难以激发大规模海啸）。极少数位于克马德克群岛的无人观测站可能有仪器记录。总体来说，本次地震对人类活动和基础设施的影响非常有限，无需担心重大灾情。","1778459060618"
"us7000rr5g","6.1","Volcano Islands, Japan region","8","1769013463141","基本概况：
2026年1月22日00时37分43秒，在日本火山群岛地区发生一次6.1级地震。震中位于北纬23.2002度、东经142.6037度，震源深度为8.0公里。此次地震震级为中等，震源极浅，属于浅源地震。

科学解读：
该地震发生在太平洋板块与菲律宾海板块交汇的俯冲带，属于板块边界上的逆冲型断层活动。火山群岛位于伊豆-小笠原-马里亚纳弧，此处太平洋板块以较高速率向西俯冲，引发地壳应力积累和释放。历史上该区域发生过多次相似震级的地震，例如2015年附近曾记录到一次6.2级地震，震源深度约10公里，由于远离陆地，未造成直接破坏；2023年的一次6.0级地震同样未引发严重伤亡。本次地震深度仅8公里，属于极浅源，能量衰减较慢，但震中位于海洋，对人口密集区影响较小。

地震破坏：
由于震中位于海洋区域且远离主要陆地，预计直接破坏范围有限。主要风险来自海啸可能性，浅源地震可能引发小规模海啸波，对火山群岛附近海岸低洼地带构成威胁。可能的地震破坏类型包括：附近小岛上的简易建筑出现轻微裂缝或结构松动，沿海区域可能发生局部地面裂缝或小型滑坡。由于该区域人口稀少且建筑物稀疏，大规模人员伤亡或严重建筑倒塌的可能性极低。影响范围主要限于震中周围100公里内的海域及零星岛屿，需关注海啸警报。","1778459079976"
"us6000sqjb","6","south of the Kermadec Islands","12","1776346203496","基本概况：
2026年4月16日21时30分03秒，在克马德克群岛以南地区发生一次里氏6.0级地震。震中位于南纬32.1443度，西经178.3174度，震源深度为12.0公里，属于浅源地震。此次地震发生在广阔的西南太平洋海域，距离主要陆地较远。

科学解读：
克马德克群岛位于太平洋板块与澳大利亚板块的交界处，具体属于太平洋板块向澳大利亚板块之下俯冲的汇聚型板块边界。该区域发育有著名的克马德克海沟，是环太平洋地震带的重要组成部分。本次地震属于浅源构造地震，通常由俯冲带附近逆断层活动引起。这一区域历史上中强地震频发，例如该海域曾多次记录到6.0至7.0级地震，震源深度多在10至50公里之间。由于震中远离人口稠密区，历史上类似规模的地震通常未造成显著的人员伤亡与建筑物严重破坏，主要以海洋区域的地震活动为主。

地震破坏：
因震中远离大型陆地，本次地震不会对有人定居的岛屿或大陆造成直接的建筑物破坏或地面开裂。附近海域的船只可能会感受到短暂震动，但一般不会构成严重威胁。震源较浅，理论上可能在小范围内引发海底滑坡，但由于震级为6.0级且位于深海环境，触发破坏性海啸的可能性较低。整体而言，本次地震的破坏影响范围极小，仅限于震中附近海域，陆地区域几乎不受影响。","1778459095643"
"us6000smj4","6","95 km SE of Sarangani, Philippines","67","1775298868266","基本概况：
2026年4月4日18时34分28秒，在菲律宾萨兰加尼东南约95公里处发生一次里氏6.0级地震。震中位于北纬4.8733度、东经126.1392度，震源深度为67.0公里。该地震属于中等强度，震源深度较深，属于中源地震。

科学解读：
a) 区域地质背景：该地震发生在菲律宾海板块与巽他板块（欧亚板块的一部分）的斜向汇聚边界附近。具体而言，震中位于菲律宾海沟西侧，该区域以俯冲带构造为主，菲律宾海板块向西俯冲到菲律宾群岛之下。震源深度67公里表明这次地震属于俯冲带内部的中源地震，可能发生在俯冲板块的上部或俯冲界面附近。断层类型以逆冲型为主，与板块汇聚运动一致。
b) 历史相似地震：该区域历史上曾多次发生中强地震。例如，2020年1月同一区域曾发生一次M6.2地震，震源深度约50公里，未造成严重破坏，仅震感较强。再如，2023年2月该区域记录到一次M6.0地震，深度约90公里，同样未引发重大灾害。这些相似震例表明，该区中等深度（50-100公里）的6级地震较常见，通常不会导致大规模破坏，但因震中位于海域，可能引发局部海啸风险。

地震破坏：
由于本次地震震中位于海洋，距离陆地较远（距萨兰加尼约95公里），且震源深度达到67公里，属于中源地震，地表烈度预计较低。可能造成的破坏包括：沿海地区（如萨兰加尼及附近岛屿）部分老旧或抗震能力较差的房屋可能出现轻微裂缝或瓦片滑落；震中附近海域可能观测到轻微的海面扰动，但不会引发破坏性海啸；陆地局部可能产生小型滑坡或落石，但范围有限。总体影响范围预计集中在距震中100公里内的沿海区域，不会造成严重人员伤亡或基础设施损坏。公众无需过度恐慌。","1778459108017"
"us7000s9cg","6","19 km SE of Picota, Peru","126","1775042427264","基本概况：
2026年4月1日19时20分27秒，秘鲁东部皮科塔镇东南约19公里处发生一次6.0级地震。震中位于南纬7.0529度，西经76.2192度，震源深度为126.0公里，属于中源地震。此次地震发生在陆地区域，距离太平洋海岸较远。

科学解读：
该地震发生在南美板块与纳斯卡板块俯冲带东侧的内陆地区。纳斯卡板块向东俯冲至南美板块之下，形成安第斯造山带，俯冲板片在深部发生断裂或相变引发中源地震。本次震源深度达126公里，属于俯冲带内部的地震，而非浅层走滑或逆冲断层错动。秘鲁东部历史上曾发生过多次深度超过100公里的中强地震，例如2022年5月26日同一区域发生M6.1地震（深度约130公里），未造成严重破坏；2005年9月25日该区域一次M7.5深源地震（深度约115公里）也仅造成轻微震感。这些深源地震由于能量衰减较快，对地表破坏通常较轻，但震感范围较广。

地震破坏：
由于本次地震震源较深（126公里），且震中位于人口相对稀少的亚马孙丛林地区，预计不会造成严重人员伤亡和建筑物倒塌。可能的破坏类型包括：震中附近老旧房屋出现墙体开裂或瓦片掉落，部分土坯建筑可能轻微损坏；远离河岸的硬土区可能无直接灾害，但局部山坡可能出现小型滚石或土石松动。由于不濒临海洋，不会引发海啸。影响范围可能以震中为中心呈半径约50至80公里的区域，震感可传递至数百公里外的城市如伊基托斯、塔拉波托等地，但无显著结构破坏。","1778459120680"
"us7000s39n","6","16 km SSE of Sant'Angelo, Italy","375","1773097434034","基本概况：
2026年3月10日07时03分54秒（本地时间），意大利中部海域发生一次里氏6.0级地震。震中位于南安杰洛东南约16公里处（北纬40.5700度，东经13.9841度），震源深度为375.0公里。这次地震震源极深，属于深源地震范畴。

科学解读：
意大利所在的亚平宁半岛位于欧亚板块与非洲板块的汇聚边界，非洲板块每年以约5-10毫米的速度向北俯冲至欧亚板块之下。这种俯冲作用形成了深部俯冲带，是本次深度达375公里地震的构造背景。该区域历史上曾发生多次中强震，例如2013年意大利中部M5.9浅源地震（深度约8公里）造成严重破坏，而深度超过300公里的地震如1978年西西里岛M5.4深源地震（深度350公里）则几乎未造成地表破坏。本次地震震级同为6级，但深度远大于通常破坏性地震（通常小于30公里），因此其能量在到达地面前已大幅衰减，破坏能力远低于同震级浅源地震。

地震破坏：
由于震源深度极大（375公里），震中附近地表仅可能感受到轻微晃动，预计不会造成建筑物倒塌、地面裂缝、滑坡或海啸等典型破坏。波及范围可能覆盖意大利中南部数百公里，但震感强度普遍较低，不会达到引发工程结构破坏的烈度。极浅源地震常见的液化、塌方等现象在此次事件中基本不会发生。深源地震偶尔会引发远距离弱震感，但总体风险可控，公众无需恐慌。","1778459134140"
"us7000s2yl","6","7 km WSW of Hihifo, Tonga","134","1772962106478","1) 基本概况：
2026年3月8日17时28分26秒，在汤加希希福西南约7公里处发生一次6.0级地震，震源深度134.0公里，震中位于南纬15.9843度，西经173.8541度。

2) 科学解读：
a) 区域地质背景：本次地震发生在太平洋板块与印度-澳大利亚板块交界处的汤加海沟俯冲带。该区域是环太平洋地震带的一部分，板块以每年约15厘米的速度相互挤压俯冲。由于震源深度达134公里，属中源地震，其成因主要与俯冲板片内部应力积累引发的断层破裂有关，断层类型多为逆冲型。
b) 历史相似地震比较：汤加地区历史上常发生类似中源地震。例如2020年一次M6.2地震深度约130公里，未造成显著破坏，仅局部有感。2018年一次M5.9地震深度约140公里，同样未报告严重伤亡。本次M6.0地震深度相近，能量在传播至地表前已有明显衰减，破坏水平预计与上述历史事件相当。

3) 地震破坏：
由于震源深度较深，地震波能量在传播过程中大幅削弱，预计震中附近地表晃动强度有限。可能发生的影响包括：老旧房屋轻微裂缝、局部墙皮脱落或家具倾倒；陡峭山坡上可能出现小规模土石松动，但大型滑坡风险较低；震中位于海洋区域，但深源地震不会引发破坏性海啸。受影响范围主要集中在希希福周边数公里内，对汤加主岛影响微弱。整体而言，本次地震造成严重灾害的可能性较低。","1778459175297"
"us7000s1cq","6","Volcano Islands, Japan region","20","1772423723534","1) 基本概况：
2026年3月2日11时55分23秒，在日本火山群岛地区（北纬22.9731度，东经144.2098度）发生一次M6.0地震，震源深度20.0公里。本次地震震中位于太平洋中的火山群岛海域，距离日本本州岛较远，属于浅源地震。官方尚未发布人员伤亡报告，后续影响需持续监测。

2) 科学解读：
此次地震发生在太平洋板块向菲律宾海板块俯冲的边界带上，该区域属于伊豆-小笠原-马里亚纳海沟系，是典型的板块汇聚带，其地震主要由俯冲板块的逆冲断层活动引起。震源深度20公里属于浅源地震，能量释放较为集中。历史对比：火山群岛地区年均发生多次5-6级地震，例如2021年该海域曾记录一次M6.2地震（深度约15公里），通常仅引起局部海面波动，未造成显著陆地破坏；2010年一次M6.5地震（深度30公里）也仅记录到轻微海啸波。本次M6.0地震的强度和深度均处于该区域正常活动范围内。

3) 地震破坏：
由于震中远离陆地（最近的大岛为硫黄岛，其居民稀少），地震本身对建筑物直接破坏的可能性极低。但20公里浅源地震可能引发局部海底滑坡，从而产生小范围海啸，预计海啸波高不超过0.5米，仅对附近小型岛屿的岸线及船只造成轻微影响。不存在地面裂缝或山体滑坡风险。影响范围主要限于震中周边数百公里海域，对日本本土及东亚大陆无直接威胁。建议过往船只关注海啸预警。","1778459195267"
"us6000sayv","6","96 km SW of Nikolski, Alaska","14","1771823508410","基本概况：
2026年2月23日13时11分48秒，在阿拉斯加尼科尔斯基西南96公里处发生一次6.0级地震，震源深度14.0公里，震中位于北纬52.3259度，西经169.8682度。震中位于阿留申群岛弧区域，属于浅源地震，能量释放较为集中。

科学解读：
该地震发生在太平洋板块向北美板块俯冲的边界带上，属于典型的板块汇聚型构造活动。具体而言，太平洋板块在此处以每年约6至7厘米的速度向北西方向俯冲到北美板块之下，俯冲带上的应力积累和突然释放导致了地震发生。本次地震震源机制多为逆冲型或走滑型，与区域俯冲带断层活动特征一致。从历史地震记录看，该区域曾多次发生6级以上地震，例如2020年10月同一区域发生过6.3级地震，深度约20公里，未造成重大破坏；2018年曾发生6.0级地震，深度约25公里，也未引发显著灾害。本次地震的震级和深度均与历史同类事件相当，属于该俯冲带常见的能量释放活动。

地震破坏：
由于震中位于海洋中，距离最近居民区（尼科尔斯基）超过90公里，且该区域人口稀少，预计地震不会造成严重的建筑物破坏或人员伤亡。浅源地震可能引发海底地形变动，但震级6.0级通常不会产生破坏性海啸，不过沿海区域需警惕轻微海面波动。震中附近海域的船只可能感受到震动。因陆地距离较远，不发生山体滑坡或地面裂缝。整体影响范围限于震中附近海域，对陆地区域影响微弱，偶有震感，不会产生灾情。","1778459248113"
"us6000sarf","6","south of the Fiji Islands","636.265","1771746205409","基本概况：
2026年2月22日15时43分25秒（当地时间），南斐济群岛海域发生一次里氏6.0级地震。震中位于南纬21.7912度、东经179.6322度，震源深度达636.3公里。此次地震属于极深源地震，震中远离人口稠密的斐济主岛，周边为广阔的太平洋海域。

科学解读：
该地震发生在太平洋板块向澳大利亚板块俯冲的边界带上，具体位于斐济-汤加海沟西侧。此处属于俯冲带深部构造区域，板块以约每年8厘米的速率向西俯冲，在深部（数百公里）积累应力后沿俯冲板片内部发生破裂。震源深度达636公里，表明破裂发生于地幔过渡带，属于典型的瓦达提-贝尼奥夫带深源地震。历史上，该区域频繁发生深度超过500公里的中强震，例如2020年在同一构造带曾发生M6.4深源地震（深度约580公里），未造成地表破坏；更早的2014年一次M6.3深源地震也未引发明显伤亡。这类深源地震因能量在传播至地表前已大幅衰减，通常不导致建筑损毁或地质次生灾害。

地震破坏：
由于震源深度巨大（超过600公里），地震波在长距离传播过程中能量急剧耗散，抵达地表时震动已极其微弱。震中附近为无人居住的深海区域，最近的大型岛屿（如斐济南部的坎达武岛）距离震中约250公里以上，预计仅可能被地震仪器记录到微弱震动，不会对建筑物、地面或海岸线造成任何可感知的破坏。无需担心地面裂缝、山体滑坡或海啸。此次地震不构成实际灾害风险，公众无需恐慌。","1778459281194"
"us6000s9l2","6","87 km ESE of Ozernovskiy, Russia","43","1771278172469","基本概况：
本次地震发生在2026年2月17日05时42分52秒（北京时间），震级为6.0级，震源深度43.0公里。震中位于俄罗斯堪察加半岛南部的Ozernovskiy以东约87公里处，地理坐标为北纬51.2540度，东经157.7013度。由于震中位于海域，距最近城镇有一定距离，属于中等强度的中源地震。

科学解读：
a) 区域地质背景：震中位于太平洋板块向鄂霍次克板块（属北美板块）俯冲的边界带上，具体属于千岛-堪察加海沟俯冲带。太平洋板块以约8-9厘米/年的速度向西北方向俯冲，该区域以逆断层型地震为主，本次地震发生在俯冲板片内部或界面附近，43公里的深度属于中源地震，常见于俯冲带内。b) 历史相似地震对比：该区域历史上曾发生多次6级以上中源地震。例如2020年2月堪察加半岛附近发生M6.5地震，深度约50公里，未造成重大破坏；2018年该海域发生M6.3地震，深度30公里左右，仅引发局部山石滚落和轻微建筑裂痕。本次地震震级与深度均与历史事件相近，能量释放规模中等，破坏风险较低。

地震破坏：
由于震中位于海洋，距离最近的陆地城镇Ozernovskiy约87公里，因此地震的直接地面破坏范围有限。预计可能的影响包括：沿海地区震感明显，部分老旧建筑出现轻微裂缝或非结构构件（如烟囱、瓦片）脱落；海岸附近可能发生小型滑坡或岩石松动，但大规模滑坡概率低。震源深度43公里，且震级为6.0级，引发破坏性海啸的可能性很低，但需警惕小幅海面异常波动。受影响区域主要为堪察加半岛东南沿海的无人或低密度居民区，灾害规模整体可控，无严重人员伤亡报告的风险。","1778459303462"
"us6000s55s","6","South Sandwich Islands region","63.613","1769671839458","基本概况：
2026年1月29日15时30分39秒（UTC），南桑威奇群岛地区发生一次里氏6.0级地震。震中位于南纬57.7717度，西经25.5988度，震源深度为63.6千米。此次地震震级中等，震源深度属于中源地震。

科学解读：
南桑威奇群岛位于南美洲板块与斯科舍板块之间的俯冲边界，即南桑威奇海沟附近。该区域是板块汇聚带，太平洋板块向南美洲板块之下俯冲，形成岛弧和深源地震活动。本次地震发震断层类型为逆冲型，这是俯冲带典型的构造特征。历史上，该区域曾多次发生中强地震，例如2021年8月发生过一次M7.5深源地震（深度约60千米），未造成实质性破坏；更早的2014年有一次M6.2地震（深度50千米），也无人员伤亡报告。本次M6.0地震与历史事件在震级和深度上相似，属于该区域常规的地壳活动。

地震破坏：
由于南桑威奇群岛人烟稀少，仅有少量科考站，且震中位于海洋区域，因此本次地震预计不会造成建筑物破坏或人员伤亡。震源深度较大（63.6千米），可以有效减轻地面晃动。可能的影响包括：海底震动引起局部的海水扰动，但通常不足以引发破坏性海啸；海底地壳的微小位移不会导致明显的海底滑坡或地面裂缝。受影响范围仅限于震中附近海域，对陆地无实际威胁。","1778459337964"
"us7000rqjy","6","277 km ESE of Tadine, New Caledonia","11","1768827739436","基本概况：
2026年1月19日21时02分19秒，在新喀里多尼亚塔迪内东南偏东方向约277公里的海域发生一次6.0级地震。震中位于南纬22.4395度、东经170.3939度，震源深度为11.0公里，属于浅源地震。此次地震发生在西南太平洋海域，距离最近的较大陆地较远。

科学解读：
该区域位于澳大利亚板块与太平洋板块的交界带，属于板块俯冲带构造背景。太平洋板块向西俯冲到澳大利亚板块之下，形成新赫布里底海沟及相关的逆冲断层系统。此次地震很可能是一次板块俯冲界面上的逆冲型事件或板内断层活动。历史资料显示，该海域经常发生中等强度地震，例如2024年该区域曾发生一次6.1级浅源地震（深度约15公里），未造成严重破坏；更早的2019年一次6.8级地震（深度约30公里）也仅产生轻微海面波动。本次6.0级地震震级与历史平均水平相当，由于震中远离陆地，人员直接伤亡风险较低。

地震破坏：
由于震中位于大洋深处，距离最近的新喀里多尼亚主要岛屿约277公里，地震本身对陆地建筑造成直接破坏的可能性极低。可能的影响包括：震中附近海底地形可能发生局部变动，引发小型海啸，但根据历史经验，6.0级浅源地震通常不会产生显著海啸波，沿岸地区仅可能出现不超过数十厘米的微小潮位变化。不存在因陆地断层破裂导致的地裂缝、滑坡等地质灾害。受影响范围主要集中在震中周围数十公里内的深海区域，过往船只可能感受到震动，但受损概率较小。总体而言，此次地震不会对人类聚居区造成实际破坏。","1778459368310"
"us7000rq0d","6","off the coast of Oregon","10","1768533953034","基本概况：
本次地震发生于2026年1月16日11时25分53秒，震中位于美国俄勒冈州近海（北纬43.6857度，西经128.0574度），距俄勒冈海岸约270公里。震级为6.0级，震源深度10公里，属于浅源地震。地震发生在太平洋海域，未直接触及陆地，但可能对沿海区域产生一定影响。

科学解读：
该区域位于胡安德富卡板块与北美板块的交界地带，是典型的俯冲带构造环境。胡安德富卡板块向东俯冲至北美板块之下，形成卡斯卡迪亚俯冲带，该区域历史上曾发生多次中强地震。本次地震震源深度较浅（10公里），推测为板块边界附近的构造应力释放，可能属于俯冲带浅部的逆冲或走滑型断层活动。与历史相似地震相比：2012年8月同一区域曾发生6.7级地震（深度约15公里），当时未造成人员伤亡或重大财产损失，仅沿海有轻微震感；2015年2月发生过一次5.9级地震（深度18公里），同样无破坏报告。本次地震震级稍低，但深度更浅，能量释放更集中，不过由于震中远离陆地，其影响范围有限。

地震破坏：
由于震中位于深海，距俄勒冈州海岸超过200公里，陆地不会出现直接的地面破裂、山体滑坡或建筑倒塌。主要潜在影响是轻微海啸风险：6.0级浅源地震可能激发小规模海啸，但预计波高不超过0.3米，仅对近岸水域造成微弱扰动，不会达到海岸破坏程度。沿海区域（如波特兰、尤金等城市）可能有感，但无破坏性震动。震中附近海域无人口分布，因此无直接人员伤亡报告。综合来看，本次地震的破坏等级为极轻，主要影响限于科学监测和公众心理层面。","1778459413704"
"us7000rltg","6","southeast Indian Ridge","10","1767232381809","基本概况：
本次地震发生于2026年1月1日09时53分01秒，震级为6.0级，震源深度10.0公里，震中位于南纬45.6117度、东经96.3592度，即东南印度洋中脊海域。属于浅源地震。

科学解读：
a) 区域地质背景：东南印度洋中脊是印度-澳大利亚板块与南极板块之间的离散型板块边界，属于洋中脊扩张带。该区域以正断层活动为主，地壳拉张导致岩浆上涌和浅源地震频发。本次地震即发生在这种构造背景下，属于典型的洋脊地震。
b) 历史地震对比：该区域历史上多次发生6.0级左右浅源地震，例如在附近曾记录到M6.2、深度约10公里的地震，由于远离陆地且多为海洋地震，破坏记载极少，通常不会造成人员伤亡或财产损失。

地震破坏：
由于震中位于远离陆地的东南印度洋海域，最近的陆地（如南极大陆、澳大利亚西南部）距离超过2000公里，因此地震不会对任何人类聚居地造成直接破坏。海啸方面，6.0级浅源地震在洋中脊区域通常不会激发显著海啸，因为断层运动以垂直分量较小的正断型拉张为主，且震级不够大。可能的影响仅限于震中附近海底地形的局部改变，但对航行船舶的风险极低。总体而言，本次地震对人类社会无实质影响。","1778459425258"
"us6000qw60","8.8","2025 Kamchatka Peninsula, Russia Earthquake","35","1753831492483","基本概况：
2025年7月30日07时24分52秒，俄罗斯堪察加半岛附近海域发生一次强烈地震，震级达到8.8级，震源深度35.0公里。此次地震震中位于北纬52.4948度，东经160.2395度，属于浅源大地震。堪察加半岛地处环太平洋地震带，地震活动频繁，本次地震是该区域近年来记录到的最大级别地震之一。

科学解读：
堪察加半岛位于太平洋板块向鄂霍次克板块（属北美板块）俯冲的汇聚边界，两者以约80毫米/年的速度碰撞，是典型的俯冲带逆冲型地震环境。本次地震的发震机制为板块间挤压导致的逆断层破裂。与历史同类地震相比，该区域曾于1952年11月4日发生一次9.0级地震，深度约30公里，同样为浅源逆冲型，引发了破坏性海啸，造成数千人死亡和沿岸建筑严重损毁。本次8.8级地震震级略低于1952年，但深度相近，震源机制类似，属于同一板块边界上的又一次特大地震事件。

地震破坏：
由于震级极大且震源较浅，此次地震可能造成严重破坏。预期会有大范围建筑物倒塌和结构损坏，特别是震中附近堪察加半岛沿岸的城镇（如彼得罗巴甫洛夫斯克等）可能遭受严重破坏。地面可能出现大规模裂缝、地陷和山体滑坡。更关键的是，发生在海域的8.8级地震几乎必然会引发破坏性海啸，海啸波高可能达到数米至十余米，首先袭击堪察加海岸，随后可能波及千岛群岛、日本北部、夏威夷乃至整个北太平洋沿岸地区。影响范围半径可达上千公里，沿海低洼地带居民需要紧急疏散。整体而言，此次地震是一次区域性的重大自然灾害，其破坏程度将取决于震中距、地方建筑抗震标准以及海啸预警与响应速度。","1778459455532"
"us7000qx2g","7.8","140 km E of Petropavlovsk-Kamchatsky, Russia","27","1758221894939","1) 基本概况：
2025年9月19日02时58分14秒（当地时间），在俄罗斯堪察加半岛彼得罗巴甫洛夫斯克-堪察加市以东约140公里的海域发生了一次7.8级地震。震中位于北纬53.1426度，东经160.7206度，震源深度为27公里，属于浅源地震。此次地震发生在太平洋沿岸的环太平洋地震带上，距离陆地有一定距离，但震级较大。

2) 科学解读：
a) 区域地质背景：堪察加半岛位于太平洋板块向鄂霍次克板块（属于北美板块）俯冲的边界，是典型的俯冲带构造环境。本次地震发生在千岛-堪察加海沟西侧的俯冲带上，断裂类型为逆冲型，由板块间应力积累突然释放引发。该区域是全球地震活动最强烈的地区之一。
b) 历史对比：该区域历史上曾发生多次强震。例如，1952年堪察加半岛发生9.0级大地震，震源深度约30公里，引发了大规模海啸，造成严重破坏。2025年的这次7.8级地震，震级低于1952年，但震源深度相近（27公里）。近年来该区域也曾记录到多次7级以上地震（如1997年7.8级、2013年8.3级等），通常震中位于海域，陆地上破坏程度取决于距离和局部地质条件。

3) 地震破坏：
由于震中位于海域且距离彼得罗巴甫洛夫斯克-堪察加市约140公里，陆地受到的震动烈度可能为VI至VII度（中国烈度标准），部分地区可能达到VIII度。可能造成的破坏包括：老旧或抗震等级低的建筑物出现墙体裂缝、局部倒塌；海岸地带可能出现地面裂缝、小型山体滑坡或崩塌。最需关注的是海啸风险——7.8级浅源俯冲地震可能引发局域或区域性的海啸，对堪察加半岛东海岸的城镇、港口设施以及沿海低洼地区构成威胁，预计海啸波高可能在1至3米范围，具体需等待官方监测数据。此外，太平洋沿岸的日本、夏威夷等地也可能收到海啸预警，但影响程度相对较小。整体而言，由于人员密集区域距离震中较远，直接人员伤亡预计有限，但基础设施（如公路、港口）可能遭受一定程度的破坏。","1778459472367"
"us6000rtdt","7.6","2025 Aomori Prefecture, Japan Earthquake","40.72","1765203309896","基本概况：
2025年12月8日22时15分09秒，日本青森县附近海域发生一次M7.6地震，震源深度40.7公里，震中位于北纬40.9984度，东经142.1836度。此次地震震级高、震源深度中等，属于强烈浅源地震，震中距离青森县东部海岸较近，可能对日本本州岛东北部地区造成显著影响。

科学解读：
日本列岛位于太平洋板块、菲律宾海板块与欧亚板块、北美板块的交汇地带，青森县所处区域是太平洋板块向北美板块之下俯冲的边界，属于日本海沟俯冲带的一部分。本次地震的震源机制通常为逆冲型或走滑型，主要由于板块俯冲过程中积累的应力突然释放所致。该区域历史上曾发生过多次强震，例如1968年十胜近海M7.9地震和2011年东北地区太平洋近海M9.0地震，历史地震震源深度多在10-50公里范围内，且多伴随强烈海啸。本次M7.6地震的深度为40.7公里，与同类地震相比震源略深，但仍属浅源范畴，破坏力较强。

地震破坏：
由于震级高达7.6且震源深度较浅，预计震中附近及青森县、岩手县等沿海地区将遭受严重破坏。主要破坏类型包括：老旧木结构及未抗震建筑的倒塌或严重开裂；地裂缝、道路断裂和地下管线破损；沿海陡峭山区可能发生滑坡和落石；由于震中位于海域，且震级达到引发海啸的阈值，预计日本海沟沿线的太平洋沿岸将出现海啸，浪高可能达1-3米，局部海湾或地形聚焦处可达更高。受影响范围可能覆盖青森、岩手、宫城、北海道部分地区，距离震中100-200公里内的城镇均会感受到强烈晃动，导致电力、通信、交通中断，人员伤亡和财产损失风险较高。","1778459485290"
"us6000rgf4","7.6","Drake Passage","5.639","1760128160075","1) 基本概况：
北京时间2025年10月11日04时29分20秒，德雷克海峡发生了一次7.6级地震。震中位于南纬60.1875度、西经61.8164度，震源深度仅5.6公里，属于极浅源地震。德雷克海峡位于南美洲南端与南极半岛之间，是连接太平洋和大西洋的重要水域。由于震中远离大陆，周边没有大型城市，最近的人类聚居地主要是南极科学考察站和南美洲南端的居民点。

2) 科学解读：
该地震发生在南美板块、斯科舍板块与南极板块交汇的复杂边界地带。该区域主要构造为南设得兰海沟及其相关的转换断层系统，属于板块俯冲带与走滑断裂的复合型边界。此次7.6级极浅源地震很可能由该边界上的逆冲或走滑错动引发。在这一海域，历史上曾多次发生7级以上浅源大地震，例如2018年斯科舍海发生的7.5级地震（深度约10公里）、2021年南设得兰群岛附近的7.0级地震等。这些地震由于震中位于大洋深处，且距离陆地较远，通常未造成严重直接破坏，但个别事件曾引发局地海啸，浪高约几十厘米至一米左右。本次地震的震级略高于近期同类事件，但深度更浅，震源能量释放更集中。

3) 地震破坏：
由于震中位于远离陆地的开阔海域，地震直接造成的建筑物破坏和人员伤亡风险极低。可能的破坏形式主要包括：海底地壳剧烈错动引发海底滑坡和浊流，可能影响海底光缆等设施；地震波引起的水体扰动可能产生区域性海啸，预计波高在0.3米至1米之间，可波及南美洲南端（如智利和阿根廷的南部海岸）以及南极半岛沿海地带。这些区域的科考站和沿海低洼设施需防范轻度海水异常上涨。此外，极浅源地震可能产生强烈震动，在附近海域作业的船只可能感受到明显晃动，但不会造成结构损坏。总体而言，本次地震的破坏范围主要限于海洋环境，对陆地区域的影响非常有限。","1778459505344"
"us6000r2xq","7.5","2025 Southern Drake Passage Earthquake","10","1755828978246","基本概况：
2025年8月22日10时16分18秒，在南德雷克海峡发生一次M7.5级地震，震源深度10.0公里，震中位于南纬60.3187度、西经61.9221度，属于极浅源强震。该区域位于南美洲与南极洲之间的德雷克海峡，周围人烟稀少，主要涉及海洋及南极半岛北端海域。

科学解读：
a) 区域地质背景：本次地震发生在南美板块、斯科舍板块与南极板块的交界地带，该处发育有著名的南斯科舍洋脊和南桑威奇俯冲带，是板块汇聚和转换运动活跃的区域。具体断层类型可能以走滑或逆冲为主，震源机制解倾向于板块边界上的浅源破裂。
b) 历史对比：该地区历史上曾发生过多次强烈地震，例如2021年1月在南桑威奇群岛海域的M8.1深源地震，以及2023年12月斯科舍海M7.0浅源地震。本次M7.5震级与2016年德雷克海峡地区的一次M7.4地震相近，但因震区水域广阔、岛屿分散，过去类似事件一般未造成重大人员伤亡。

地震破坏：
由于震中位于远离陆地的深海区域，10公里浅源地震主要影响为海底地壳错动可能引发局部海啸。潜在破坏包括：海洋中航行的船只可能感受到剧烈振动，南极半岛及南美洲南端岛屿（如南设得兰群岛、火地岛）的科考站或沿海设施可能遭受轻微至中等程度的震动损害，如家具倾倒、非结构构件开裂。地震触发的海啸波可能波及南美和南极沿岸，但规模有限，一般情况下不会造成大规模建筑倒塌或地面破裂。该区域无密集城镇，因此整体破坏范围较小，主要需防范海啸对船只和低洼沿海作业的影响。","1778459525103"
"us6000rfwz","7.4","12 km E of Santiago, Philippines","59.425","1760060639585","1) 基本概况：
2025年10月10日09时43分59秒，菲律宾棉兰老岛东部海域发生一次M7.4地震。震中位于北纬7.2866度、东经126.6902度，距离菲律宾圣地亚哥东约12公里。震源深度为59.4公里，属于中源地震。该地震发生在菲律宾海板块与欧亚板块交界地带，是典型的板块俯冲带活动。

2) 科学解读：
a) 区域地质背景：本次地震发生在菲律宾海板块向菲律宾群岛下方的菲律宾海沟俯冲带。该区域属于太平洋板块与欧亚板块汇聚边界，俯冲角度较陡，断层类型以逆冲型为主，是菲律宾地震最活跃的地区之一。震源深度59.4公里，属于俯冲板片内的中源地震，能量释放规模较大。
b) 历史同类地震对比：该区域历史上曾发生多次强震，例如1976年8月17日棉兰老岛附近M8.0地震，深度约30公里，引发严重海啸并造成约8000人死亡；2012年8月31日菲律宾海沟发生M7.6地震，深度约45公里，造成局部建筑破坏和轻微海啸。本次M7.4地震震源深度稍深（59.4公里），预计与2012年地震的破坏程度相当，但浅源地震更容易引发地表破裂和海啸，此次深度较大可能降低部分地表破坏风险。

3) 地震破坏：
本次地震震中位于陆地和海洋交界区域，可能造成以下几类破坏：首先，震中附近的城镇（如圣地亚哥及棉兰老岛东部沿海地区）可能发生建筑结构损坏，尤其是老旧房屋和未设防建筑可能出现墙体开裂、倒塌；其次，由于震源深度中等，地面震动范围较广，距离震中100公里内可能有明显震感，部分区域可能出现地裂缝或山体滑坡，特别是山区道路可能中断。此外，由于震中位于沿海，且深度为59.4公里，虽然深源地震引发巨大海啸的可能性较低，但仍需关注区域性局部海啸风险（波高一般不超过1米），沿海低洼地区可能出现海水异常波动。预估影响范围以震中为圆心、半径约150千米区域，重点关注棉兰老岛东部沿海城镇。","1778459561393"
"us7000qvw5","7.4","105 km E of Petropavlovsk-Kamchatsky, Russia","58","1757731076761","基本概况：
本次地震发生于2025年9月13日10时37分56秒（UTC），震级为里氏7.4级，震源深度58.0公里，震中位于俄罗斯堪察加半岛彼得罗巴甫洛夫斯克以东约105公里处，地理坐标北纬53.1969度，东经160.1901度。此次地震属于浅源地震，但因深度接近中源地震范围，对地表的影响需要结合具体地质条件评估。

科学解读：
a) 区域地质背景：震中位于太平洋板块与鄂霍次克板块的交汇带，即库页岛-堪察加俯冲带。太平洋板块在此以约8厘米/年的速度向西北方向俯冲至鄂霍次克板块之下，形成著名的千岛-堪察加海沟。本次地震属于板块俯冲带上的逆冲型地震，是板块边界应力积累与释放的典型现象。

b) 历史相似地震对比：堪察加半岛历史上曾多次发生7级以上强震。例如，1952年11月4日该区域发生9.0级特大地震并引发大规模海啸，深度约30公里，造成严重破坏；而2023年3月附近曾发生7.0级地震，深度约50公里，破坏相对有限。本次7.4级地震的深度为58公里，比典型浅源俯冲地震略深，可能在一定程度上减轻地表震动强度，但不可完全排除局部烈度较强的可能。

地震破坏：
受震中位置和深度影响，预计主要破坏类型包括：彼得罗巴甫洛夫斯克及周边沿海城镇的建筑摇晃、老旧房屋开裂或局部倒塌，沿海地基不稳固区域可能出现地裂缝或砂土液化；震中附近山区可能触发小型滑坡。由于震源深度达58公里，引发显著海啸的风险较低，但仍需监测海平面异常。影响范围主要集中在震中半径100至200公里内的堪察加半岛东南沿海地区，不排除远距离有感。后续余震可能持续数天至数周，需注意次生灾害防范。","1778459575893"
"us7000qdyl","7.4","2025 Eastern Kamchatka, Russia Earthquake","34","1752994144327","基本概况：
2025年7月20日14时49分04秒（当地时间），俄罗斯远东堪察加半岛东部海域发生里氏7.4级地震，震源深度34.0公里，震中位于北纬52.8301度，东经160.6816度。此次地震被命名为2025年东堪察加地震，是一次发生在太平洋板块俯冲带上的显著地震事件。

科学解读：
堪察加半岛位于环太平洋地震带西北段，是太平洋板块向鄂霍次克板块（欧亚板块一部分）俯冲的汇聚边界。该区域发育有千岛-堪察加海沟，板块俯冲速率约为8厘米/年，俯冲角度中等到陡，历史上曾多次发生强震，包括1952年堪察加M9.0特大地震和1997年克雷拉半岛M7.8地震。此次7.4级地震属于典型的逆冲型板块边界地震，震源深度34公里属于浅源地震（通常定义为0-70公里），与区域历史强震的深度特征一致。相比1952年巨震的广泛破坏，本次地震震级较小，但因其震源较浅且接近海岸，仍具有明显致灾潜力。

地震破坏：
由于震中位于海域，近距离陆地（堪察加半岛东岸）可能遭受中度破坏，包括老旧房屋墙体开裂、玻璃破碎、非结构构件掉落，以及沿海公路和管线轻微损伤。强震动可能诱发海岸斜坡失稳，引发小规模崩塌或滑坡。更重要的是，浅源近海地震具备引发海啸的条件，尽管7.4级地震通常产生局地海啸，浪高可能在1-3米范围，对堪察加东部沿岸低洼地区（如彼得罗巴甫洛夫斯克-堪察加斯基附近）的港口、船只和沿海设施构成威胁。震中距陆地约50-100公里，预计有感范围可达半径300公里以内，但建筑物严重倒塌和人员伤亡概率较低，主震后需警惕余震和次生灾害。","1778459589297"
"us7000qd1y","7.3","2025 Sand Point, Alaska Earthquake","38","1752698261667","基本概况：
2025年7月17日04时37分41秒（协调世界时），美国阿拉斯加州桑德波因特附近发生一次7.3级地震。震中位于北纬54.5652度、西经160.4689度，震源深度38.0公里。此次地震发生在阿拉斯加半岛以南的太平洋海域，属于浅源中等深度地震。

科学解读：
该区域位于太平洋板块与北美板块的交界处，属于阿留申—阿拉斯加俯冲带。太平洋板块以约6-7厘米/年的速率向西北方向俯冲到北美板块之下，形成典型的逆冲断层型地震。本次地震与历史上该区域多次7级以上地震类似，例如2020年7月于阿拉斯加半岛近海发生的7.8级地震（深度约28公里）以及2021年10月的6.9级地震。这些地震均发生在俯冲带界面上，震源深度多在25-40公里范围内，通常可引起中等程度的海啸和局部地面震动，但若震中远离人口密集区，直接破坏相对有限。

地震破坏：
由于震中位于海域，距离最近城镇桑德波因特约数十公里，因此陆地上建筑物倒塌和地面裂隙的直接风险较低。但38公里的深度可能使震感传递范围较大，阿拉斯加半岛南部及阿留申群岛部分社区可能感受到明显晃动，老旧房屋或非抗震结构可能出现墙体裂缝、烟囱倒塌等轻度损伤。因属于浅源地震，震中附近海底地形可能发生错动，存在引发局地海啸的可能，但海啸波高通常在数米以内，主要威胁海岸低洼地带、码头和渔船。同时不排除震区出现落石或小型滑坡的可能，尤其是有冰雪覆盖的陡坡区域。整体而言，由于当地人口稀少且建筑以抗震设计为主，预期不会造成大规模人员伤亡。","1778459610890"
"us6000rsy1","7","2025 Hubbard Glacier Earthquake","10.317","1765053709288","基本概况：
2025年12月7日04时41分49秒（当地时间），在阿拉斯加东南部的哈伯德冰川区域发生一次7.0级地震。震中位于北纬60.3127度、西经139.5412度，震源深度约10.3公里，属于浅源地震。哈伯德冰川位于美国阿拉斯加与加拿大育空地区交界附近，冰川本身及周边地区人口稀少，但靠近通加斯国家森林和沿海水域。

科学解读：
该区域地处太平洋板块与北美板块的汇聚边界北段，属于阿拉斯加-阿留申俯冲带的东部延伸。太平洋板块以每年约5至6厘米的速度向西北俯冲于北美板块之下，同时在陆缘发育一系列走滑和逆冲断层，如圣埃利亚斯断层和费尔韦瑟断层。本次地震的震源机制分析显示为逆冲型破裂，与板块俯冲和局部压缩应力背景一致。历史对比：该区域曾发生多次类似强度的地震，例如1979年2月11日圣埃利亚斯地震（M7.1，深度约12公里）和2002年尤纳拉克利特地震（M6.8，深度约10公里）。这些历史事件均以浅源逆冲为主，引发的破坏主要集中在山体滑坡、冰川裂缝扩大以及沿海小规模海啸，未造成重大人员伤亡（因人口稀疏）。本次地震震级略高，但深度相近，破坏模式具有可比性。

地震破坏：
由于震中位于冰川覆盖的偏远山区，直接建筑损坏预计有限，但可能对当地观测站、登山营地和小型社区（如亚库塔特镇）造成墙体开裂、烟囱倒塌等中等程度破坏。浅源强震极易引发冰崩、岩崩和山体滑坡，阻塞山谷道路，破坏穿越冰川的冬季小径。震中距阿拉斯加湾海岸约30公里，若地震导致海底斜坡失稳或冰崩体倾入海中，可能激发局地性海啸，威胁附近沿海低洼区域，浪高预计在1米左右，影响范围半径约100公里。此外，地面裂缝和冰川表面破裂可能在数公里内扩展，但不会造成广泛次生灾害。整体而言，此次地震破坏范围较窄，对基础设施的影响集中在地震直接摇动和滑坡路径上。","1778459649519"
"us6000qvsf","7","Macquarie Island region","31","1753740635109","基本概况：
2025年7月29日06时10分35秒，在麦夸里岛地区（南纬57.6050度，东经157.0388度）发生一次M7.0地震，震源深度为31.0千米。麦夸里岛位于南太平洋，是澳大利亚的海外领地，本次地震属于浅源强震。

科学解读：
a) 区域地质背景：麦夸里岛地处澳大利亚板块与太平洋板块的边界，该边界以麦夸里洋脊为核心，是一条复杂的转换断层系统。本次地震很可能发生在板块之间的走滑或斜向滑动断层上，属于板块边界构造活动的结果。该区域地震活动频繁，是环太平洋地震带的一部分。b) 历史相似地震比较：该区域历史上曾发生多次7级以上地震，例如2001年发生的M7.8地震（深度约10千米）和1989年的M8.2地震（深度约15千米），前者仅造成轻微海啸，后者未导致直接伤亡。本次M7.0地震深度31千米，稍深于历史典型浅源地震，能量释放相对集中，但震源深度增加在一定程度上降低了地表震动强度。

地震破坏：
由于麦夸里岛为无人居住的海洋岛屿，且本次地震震中远离任何大陆或有人定居的岛屿，因此不会造成建筑物倒塌、地面裂缝或山体滑坡等直接陆上破坏。主要潜在风险在于海啸：浅源海底强震可能激发海啸波浪，根据历史经验，该区域7.0级地震通常引发局地性海啸，波高不大，但可能对过往船只构成威胁，并可能波及新西兰南部及澳大利亚东南沿海。影响范围主要集中于南大洋海域，无人员伤亡报告预期。","1778459666721"
"official20110311054624120_30","9.1","2011 Great Tohoku Earthquake, Japan","29","1299822384120","基本概况：
2011年3月11日13时46分24秒，日本东北部海域发生了一场特大地震。震级为9.1级，震源深度29.0公里，震中位于北纬38.2970度、东经142.3730度。此次地震被命名为2011年日本东北大地震，是全球地震史上记录到的最大地震之一，其巨大能量释放对整个日本乃至环太平洋地区产生了深远影响。

科学解读：
区域地质背景：日本东北部位于太平洋板块和北美板块（或鄂霍次克板块）之间的俯冲带，太平洋板块以约每年8-9厘米的速度向西北方向俯冲插入北美板块之下，形成日本海沟。此次地震发生在俯冲带界面上的逆断层型断裂，属于典型的板缘地震，断层破裂长度超过500公里，宽度约200公里。历史比较：日本东北地区历史上曾发生多起强震，如1896年明治三陆地震（震级约8.5，引发巨大海啸，造成约2.2万人死亡）和1933年昭和三陆地震（震级约8.4，深度较深，破坏较小）。此次9.1级地震在震级和能量释放上远超这些历史事件，且深度较浅（29公里），导致震动强度极高，同时触发了破坏性更大的海啸。

地震破坏：
此次地震及其引发的海啸造成了巨大破坏。强烈震动导致大范围建筑物倒塌或损坏，特别是在仙台、福岛、岩手等沿海城市，老旧木质房屋和钢筋混凝土结构均出现严重损毁。地面出现大规模裂缝、沙土液化以及山体滑坡等次生灾害。更严重的是，地震激起的巨大海啸袭击了日本东北部太平洋沿岸，海啸最高浪高超过40米，淹没范围深入内陆数公里，摧毁了大量基础设施、农田和居民区。受影响范围涵盖宫城县、岩手县、福岛县等地，并波及整个太平洋盆地，导致多个国家发布海啸警报。此次灾害总共造成约1.5万人死亡，数万人失踪，并引发了福岛第一核电站的严重核事故，长期影响至今仍在评估中。","1778486350167"
"official20041226005853450_30","9.1","2004 Sumatra - Andaman Islands Earthquake","30","1104022733450","基本概况：
2004年12月26日08时58分53秒，印度洋苏门答腊岛以北、安达曼群岛附近海域发生里氏9.1级地震。震中位于北纬3.295度，东经95.982度，震源深度30公里。这次地震是21世纪以来全球记录到的第二强地震，震动持续长达8至10分钟，引发了破坏性巨大的跨洋海啸。

科学解读：
该地震发生在印度-澳大利亚板块与欧亚板块的汇聚边界，属于俯冲带逆冲断层型地震。印度-澳大利亚板块以约6厘米/年的速度向北东方向俯冲到欧亚板块之下，在苏门答腊西侧形成巽他海沟。本次地震是长达约1600公里的俯冲带断层段发生破裂的结果，断层滑动量最大超过20米，释放的能量相当于约1.5亿颗广岛原子弹。与历史同类地震相比，该区域曾在1833年和1861年发生过M8.5以上大地震，但2004年地震的震级远超此前记录，且破裂长度和深度均极为罕见，其引发的海啸规模历史以来在该地区前所未有。

地震破坏：
由于震级极高且发生在浅源，地震本身对苏门答腊岛北部及附近岛屿造成剧烈震动，导致大量房屋倒塌、地面开裂、山体滑坡和土壤液化。但最具灾难性的是由此引发的巨大海啸：海浪高度在近岸局部地区超过30米，以每小时约700公里的速度横扫印度洋，在数小时内袭击了印尼、斯里兰卡、印度、泰国、马尔代夫、缅甸、孟加拉国以及东非沿岸国家。海啸造成约23万人死亡或失踪，数十万人无家可归，沿海城镇和旅游区被彻底摧毁，港口、道路、电力通信等基础设施严重损毁。灾害范围覆盖整个印度洋盆地，远至非洲东海岸仍有人员伤亡，是近现代史上破坏最惨重的自然灾害之一。","1778486368606"
"official20100227063411530_30","8.8","2010 Maule, Chile Earthquake","22.9","1267252451530","基本概况：
2010年2月27日14时34分11秒（当地时间），智利马乌莱地区发生里氏8.8级强烈地震，震中位于南纬36.1220度、西经72.8980度，震源深度22.9公里。这是有仪器记录以来全球最强的地震之一，震中靠近智利中部沿海城市康塞普西翁，首都圣地亚哥震感强烈。

科学解读：
a) 区域地质背景：该地震发生在纳斯卡板块与南美板块的汇聚边界，纳斯卡板块以约70毫米/年的速率向东俯冲于南美板块之下，形成智利—秘鲁海沟。本次地震属于典型的逆冲型断层破裂，发生在俯冲带界面上，是板块间应力长期积累后突然释放的结果。
b) 历史类似地震对比：智利位于全球最活跃的俯冲带之一，历史上多次发生特大地震。1960年5月22日智利瓦尔迪维亚发生9.5级地震（深度约33公里），为有记录以来最大地震，造成严重破坏及越洋海啸；1985年3月3日智利中部瓦尔帕莱索发生8.0级地震（深度约33公里），导致约177人死亡。本次8.8级地震的震级略低于1960年地震，但深度较浅（22.9公里），且破裂区域长达数百公里，释放能量巨大。

地震破坏：
本次地震造成智利中部地区严重破坏，包括建筑物倒塌或严重受损（尤其是老旧砖石结构房屋）、道路断裂、桥梁垮塌，以及大面积地面裂缝和沙土液化现象。沿海地区遭遇强烈海啸袭击，最大波高达10米以上，摧毁了沿海城镇如圣玛丽亚岛、迪查托等。此外，地震还触发了大量山体滑坡，阻塞交通和通讯。影响范围覆盖智利首都圣地亚哥以南约500公里长的区域，包括马乌莱、比奥比奥等大区，并引发太平洋多国海啸预警。据官方统计，地震及海啸共造成逾500人死亡，数十万人受灾，直接经济损失达300亿美元左右。","1778486390597"
"official20120411083836720_20","8.6","2012 Wharton Basin Earthquake","20","1334133516720","基本概况：
北京时间2012年4月11日16时38分36秒（UTC时间8时38分36秒），印度洋沃顿盆地发生里氏8.6级特大地震。震中位于北纬2.327度、东经93.063度，震源深度约20.0千米。此次地震被称为2012年沃顿盆地地震，是历史上记录到的最大板内走滑型地震之一。

科学解读：
a) 区域地质背景：该地震发生在印度-澳大利亚板块内部，地处印度洋板块向巽他板块俯冲带（苏门答腊俯冲带）以西约200公里的沃顿盆地。该区域并非典型俯冲边界，而是受到板块碰撞和旋转作用的强烈挤压，发育多条近南北向的走滑断层。主震为左旋走滑断裂，破裂长度约150千米，属于罕见的板内巨大走滑型地震。b) 历史相似地震对比：与2004年苏门答腊9.1级俯冲型地震相比，此次8.6级地震震源更浅但为走滑型，释放能量较小且未引发大规模海啸。该区域此前曾发生2005年8.6级俯冲地震（尼亚斯地震），但2012年地震深度相当（约20千米），由于远离俯冲带，其破坏特征与俯冲型地震显著不同。此外，本次地震后约2小时发生了8.2级余震，构成罕见的双震序列，震源机制均为走滑型。

地震破坏：
由于震中位于远离陆地的深海，此次地震对陆地的直接破坏相对有限。在苏门答腊岛北部（如班达亚齐、棉兰等城市）以及尼科巴群岛、安达曼群岛地区，震感强烈，部分老旧建筑出现墙体开裂、瓦片脱落等轻微损坏。海底断层滑动可能引发局部海底滑坡，但未造成大面积地面裂隙或山体滑坡。地震触发了小型海啸，在印度洋沿岸多个潮汐站记录到0.1至0.8米的海啸波，其中印度尼西亚锡默卢岛西南岸最高约1米，未造成严重淹没。受影响范围包括印度尼西亚、印度、斯里兰卡、泰国、马来西亚等国的沿海地区，但总体灾害等级较低，未出现大量人员伤亡。","1778486411485"
"official20050328160936530_30","8.6","78 km WSW of Singkil, Indonesia","30","1112026176530","基本概况：
2005年3月29日00时09分36秒（世界标准时间），印度尼西亚苏门答腊岛辛吉尔（Singkil）西南约78公里处发生8.6级强震。震中位于北纬2.0850度，东经97.1080度，震源深度30.0公里。这是一次发生在印度洋板块与巽他板块交界带的浅源特大地震。

科学解读：
本次地震发生在巽他俯冲带，即印度-澳大利亚板块向北东方向以约5-6厘米/年的速率俯冲到欧亚板块（巽他板块）之下。俯冲界面上的逆冲断层是发震构造，属于板间逆冲型地震。该区域历史地震活跃，最著名的是2004年12月26日苏门答腊-安达曼9.1级地震（深度30公里），引发了巨大海啸。本次8.6级地震发生在该大地震破裂段以南约200公里处，深度相当，但规模较小。与2004年地震相比，2005年地震震级低约半级，但同为浅源逆冲地震，破坏力依然巨大。历史上该段还发生过1833年8.7级、1861年8.5级等地震，均造成严重破坏和海啸。

地震破坏：
由于震级极高、震源浅，且位于人口相对密集的苏门答腊岛西海岸附近，预计造成了严重破坏。主要破坏类型包括：沿海城镇（如班达亚齐、辛吉尔等）的房屋和基础设施严重倒塌或损毁；地面出现裂缝、砂土液化；山区可能诱发滑坡；更重要的是，此类逆冲地震通常引发海啸，该次地震确实产生了区域性海啸，数米高的波浪袭击了附近海岸线，造成人员伤亡和沿海淹没。影响范围至少在震中周边300-500公里内，包括苏门答腊岛西海岸多个省份及附近岛屿。由于2004年大灾刚过，部分重建区域可能再次受损。应急响应和人员伤亡情况需以当地官方报告为准。","1778486428171"
"official20070912111026830_34","8.4","122 km SW of Bengkulu, Indonesia","34","1189595426830","1) 基本概况：
2007年9月12日当地时间19时10分26秒，印度尼西亚明古鲁省西南方向约122公里处发生一次强烈地震。美国地质调查局测定震级为里氏8.4级，震源深度34.0公里，震中位于南纬4.438度、东经101.367度。此次地震是一次浅源大地震，释放能量极大，对周边地区构成显著威胁。

2) 科学解读：
a) 区域地质背景：本次地震发生在印度-澳大利亚板块与巽他板块之间的汇聚边界附近。印度-澳大利亚板块沿巽他海沟向北东方向俯冲至巽他板块之下，形成典型的俯冲带构造。震源机制显示为逆冲型断层运动，这是俯冲带界面上的常见破裂类型。该区域是地球上地震活动最频繁、强度最大的地带之一。
b) 历史相似地震比较：该区域在历史上曾多次发生8级以上特大地震。例如，2000年苏门答腊南部曾发生8.0级地震，造成约100人死亡；2004年苏门答腊-安达曼9.1级地震引发毁灭性海啸。本次8.4级地震与2005年尼亚斯8.6级地震深度相近（约30公里），同为俯冲带上逆冲型破裂。与2004年特大地震相比，本次地震震级略小但同样具备引发海啸的能力，实际观测到沿岸海啸波高约1-3米。

3) 地震破坏：
由于震级巨大且震源较浅，地震本身在震中附近岛屿（如明古鲁、苏门答腊西南沿海）造成强烈摇晃。预计破坏类型包括：砖石和混凝土建筑裂缝、倒塌，尤其是老旧和抗震能力较差的房屋；地面产生裂缝、砂土液化、山体滑坡等次生灾害；沿海地区遭遇海啸袭击，浪高可达数米，对低洼地带造成淹没和冲击。影响范围覆盖震中周边200公里以内的沿海城市和乡村，受影响人口超过百万。印尼气象部门随即发布海啸预警，后续统计显示此次地震导致至少25人死亡、数百人受伤，数千栋房屋受损。","1778486438809"
"official20010623203314130_33","8.4","6 km SSW of Atico, Peru","33","993328394130","基本概况：
2001年6月24日04时33分（当地时间），秘鲁阿蒂科西南约6公里处发生一次8.4级大地震，震源深度33.0公里，震中位于南纬16.2650度，西经73.6410度。这是一次浅源特大地震，能量释放巨大，震中附近人口密度较低，但强震波及范围广阔。

科学解读：
本次地震发生在纳斯卡板块与南美板块的俯冲边界上。纳斯卡板块向东俯冲到南美板块之下，平均俯冲速度约70毫米/年，形成了秘鲁-智利海沟。此次地震属于逆冲断层型，是俯冲带上板块间应力积累后的突然释放。历史上该区域曾多次发生8级以上特大地震，例如1868年阿里卡大地震（约M9.0）和2007年皮斯科地震（M8.0）。本次地震震源深度33公里，属于典型浅源俯冲地震，与1868年大地震的构造背景相似，但后者引发了更强海啸和更严重破坏。2001年这次地震的能量级别与1960年智利大地震（M9.5）相比虽小，但仍是本世纪该区域最强地震之一，其海底断层破裂长度估计超过200公里。

地震破坏：
由于震级巨大且震源较浅，此次地震造成严重破坏。震中附近城镇阿蒂科及沿海地区建筑物大量倒塌或严重损毁，尤其是传统土坯房屋和砖石结构。地面出现大量裂缝、山体滑坡和道路塌方，阻断交通。地震还引发了太平洋海啸，海啸波高在秘鲁沿岸达数米，造成沿海低洼地带淹没，并波及智利、厄瓜多尔等邻国。受影响区域半径超过300公里，包括莫克瓜、阿雷基帕省等较大城市也有显著震感并出现部分建筑损伤。官方统计死亡人数约75人，受伤上千人，约2万栋房屋受损，经济损失约数亿美元。","1778486457656"
"us20003k7a","8.3","48 km W of Illapel, Chile","22.44","1442444072860","基本概况：
2015年9月17日06时54分32秒（当地时间），智利中部伊亚佩尔（Illapel）以西约48公里海域发生一次8.3级强烈地震。震中位于南纬31.5729度，西经71.6744度，震源深度22.4公里，属于浅源地震。此次地震是智利有记录以来又一次特大地震事件。

科学解读：
该地震发生在纳斯卡板块与南美板块的俯冲带边界上。纳斯卡板块以约7-8厘米/年的速率向东俯冲至南美板块之下，两者之间的强耦合作用导致应力长期积累，最终在俯冲界面浅部引发逆冲型破裂。此次地震与1960年瓦尔迪维亚9.5级地震、2010年康塞普西翁8.8级地震属于同一构造体系，但震中位置更偏北。历史类似地震包括1943年8.2级地震（震源深度约30公里，造成数百人死亡）和1906年8.2级地震（引发海啸，破坏严重）。本次8.3级地震同样为浅源逆冲型，释放能量巨大，但震中位于近海，破裂尺度约150-200公里。

地震破坏：
由于震级极高且震源浅，地震造成严重破坏。主要影响区域包括科金博大区（Coquimbo）及周边。破坏类型包括：大量老旧建筑损毁或倒塌，尤其是砖石结构房屋；公路、桥梁出现裂缝或坍塌；山体滑坡和滚石阻断交通；沿海地区观测到强烈海啸，最高浪高达4.5米以上，冲击了伊亚佩尔、科金博等城镇，导致沿海房屋和船只被毁。地震还引发供电中断、通信瘫痪，受影响范围半径超过300公里。最终确认15人死亡，数千人受伤，约2万人被疏散，经济损失达数亿美元。","1778486609335"
"usb000h4jh","8.3","2013 Sea of Okhotsk Earthquake","598.1","1369374288980","基本概况：
2013年5月24日13时44分48秒，在鄂霍次克海地区发生了一次震级为M8.3的强烈地震，震中位于北纬54.8920度，东经153.2210度，震源深度达598.1公里。此次地震被称为“2013年鄂霍次克海地震”，是一次罕见的深源大地震。

科学解读：
鄂霍次克海地处太平洋板块向鄂霍次克板块俯冲的汇聚边界，属于环太平洋地震带的一部分。太平洋板块在此处以高角度向大陆壳下俯冲，形成深厚的贝尼奥夫带，因此能够触发深度超过500公里的深源地震，断层类型通常为俯冲带内的逆断层或走滑型错动。历史上，该区域曾发生过多次深源大地震，例如2008年鄂霍次克海M7.7地震，深度约490公里，破坏轻微；2013年这次M8.3地震深度更接近600公里，震级更高，但因深度极大，地表震动衰减明显，未造成重大人员伤亡或财产损失，属于典型的“高震级、低破坏”深源地震事件。

地震破坏：
由于震源深度接近600公里，地震波在传播至地表前已大幅衰减，因此震中附近海域及周边陆地的地面震动强度较低，主要影响表现为远距离范围（如俄罗斯远东、日本北部、中国东北等地区）的轻微有感，部分高层建筑可能产生晃动，但不会导致建筑物结构损坏、地面裂缝或山体滑坡。此外，深源地震通常不会激发海啸，本次地震未引发明显海洋异常波动。整体而言，影响范围虽广（有感半径可达数千公里），但直接破坏能力极为有限，未造成人员伤亡或财产损失。","1778486883214"
"usp000exfn","8.3","2006 Kuril Islands Earthquake","10","1163589253570","1) 基本概况：
2006年11月15日19时14分13秒（世界时），在千岛群岛附近海域（北纬46.592度，东经153.266度）发生一次8.3级强烈地震，震源深度10.0千米。此次地震被称为2006年千岛群岛地震，是一次浅源大地震，震中位于太平洋板块与鄂霍次克板块交界处附近。

2) 科学解读：
此次地震发生在太平洋板块向鄂霍次克板块下方俯冲的俯冲带上，属于逆冲型断裂活动。该区域是环太平洋地震带的重要组成部分，板块俯冲速率较快，长期积累的应力突然释放导致了这场大地震。历史上，千岛群岛—堪察加半岛一带多次发生8级以上巨震，例如1952年堪察加半岛9.0级地震（震源深度约30千米）引发了越洋海啸，造成严重损失；1994年千岛群岛8.3级地震（震源深度约30千米）同样引发了中等规模海啸，但人员伤亡相对有限；本次地震震源更浅（10千米），能量释放更集中，但震中远离人口稠密区，因此陆地破坏较轻。

3) 地震破坏：
由于震中位于海洋中，且距最近陆地（千岛群岛中岛屿）约100千米以上，地震本身造成的陆地建筑破坏和地面裂缝、滑坡等地质灾害规模较小。主要破坏来自海啸：地震激发的海啸波在千岛群岛沿岸掀起3至5米高的海浪，部分小岛建筑物遭冲毁，低洼地带被淹没；海啸还传播至夏威夷、日本北海道、堪察加半岛等地，引发约1至2米高的涌浪，对沿海码头、船只造成轻微损害。本次地震未报告大规模人员死亡，但局部基础设施（如港口设施、渔村房屋）有轻度至中度损坏。","1778486891292"
"ak0219neiszm","8.2","2021 Chignik, Alaska Earthquake","35","1627539349188","基本概况：
2021年7月29日14时15分49秒（当地时间），美国阿拉斯加州奇格尼克地区发生一次8.2级强烈地震，震中位于北纬55.3635度、西经157.8876度，震源深度35.0千米。该地震是2021年全球震级最大的地震之一，属于浅源大地震，震中附近人口稀少，但沿海社区可能受到显著影响。

科学解读：
a) 阿拉斯加位于太平洋板块与北美板块的汇聚边界，奇格尼克地震发生在阿留申海沟以东的俯冲带上。太平洋板块以每年约6-7厘米的速度向北美板块下方俯冲，该区域的断层类型为逆冲型，是典型的大型俯冲带地震成因。此类地震往往伴随海底隆起或沉降，易引发海啸。
b) 历史上该区域发生过多次强震，例如1964年阿拉斯加9.2级大地震（震源深度约25千米，造成大面积破坏和海啸）以及2018年阿拉斯加7.9级地震（震源深度25千米，引发轻微海啸但无严重损坏）。本次8.2级地震深度与历史同类事件相近（30-40千米），但震级略低于1964年地震，能量释放规模巨大，但受限于当地极低的人口密度，直接人员伤亡预期远小于1964年。

地震破坏：
由于震中位于阿拉斯加半岛东南约100千米的海域，且周边陆地多为无人或低密度定居点，建筑物破坏主要可能发生在奇格尼克、桑德波因特等沿海村镇。典型破坏包括木结构房屋移位、地基开裂、海岸设施变形，以及因强烈摇晃导致的内部物品坠落和玻璃破碎。近海区域可能出现海底滑坡和局部海啸，实际海啸观测记录显示约0.5米高的海啸波抵达阿拉斯加半岛沿岸，未造成严重淹没。由于震源深度35千米，断层破裂长度较大，但远离城市，地面效应如地裂缝、沙土液化在沿岸软土区有限出现。总体影响范围以震中周围200千米内的海域和无人岛屿为主，未造成人员死亡报告，仅个别基础设施受损。","1778486905242"
"us1000gcii","8.2","2018 Fiji Earthquake","600","1534637980670","基本概况：
2018年8月19日08时19分40秒（当地时间），斐济群岛地区发生一次8.2级强烈地震。震中位于南纬18.1125度，西经178.1530度，震源深度为600.0千米。这次地震是典型的大震级深源地震，震源深度远大于通常破坏性地震的浅源范围（0至70千米），因此虽然震级极高，但地表震动相对较弱。

科学解读：
斐济位于环太平洋火山地震带西南段，处于太平洋板块与澳大利亚板块的交界处。该区域发育着汤加-克马德克俯冲带，太平洋板块以每年约8至10厘米的速度向西俯冲到澳大利亚板块之下，形成深度达数百千米的瓦达提-贝尼奥夫带。此次8.2级深源地震正是发生在俯冲板块内部，属于板内逆冲或走滑型破裂，而非浅层俯冲界面上的巨型逆冲地震。历史上，该区域多次发生深源大地震，例如2017年8月18日斐济地区曾发生一次8.2级深源地震（深度约560千米），未造成显著人员伤亡；2013年5月也发生过8.3级深源地震（深度约600千米），同样破坏轻微。这类地震的共同特点是震源深，地表烈度通常不超过IV至V度，对地面建筑影响很小。

地震破坏：
由于震源深度达600千米，地震波在传播至地表时已大幅衰减，因此本次地震不会造成严重的地面破坏。预计在震中附近岛屿（如斐济主岛维提岛、瓦努阿岛等）可能出现轻微摇晃，极少数老旧或结构脆弱建筑可能出现细小裂缝，但不会发生大规模建筑倒塌、地面裂缝或山体滑坡。深源地震通常不引发海啸，因为海啸需要海底垂直位移且震源较浅。本次地震不会触发海啸。受影响区域范围广泛，包括斐济、汤加、瓦努阿图、新西兰北岛等地可能感受到明显震动，但破坏范围仅限震中附近数百公里内的非结构轻微损伤，整体影响极低。","1778486920596"
"us2000ahv0","8.2","2017 Tehuantepec, Mexico Earthquake","47.39","1504846159180","基本概况：
2017年9月8日12时49分19秒（当地时间），墨西哥恰帕斯州附近的特万特佩克湾发生里氏8.2级地震。震中位于北纬15.0222度，西经93.8993度，震源深度47.4公里。此次地震是墨西哥近百年来记录到的最强地震之一，被命名为“2017 Tehuantepec地震”。

科学解读：
该区域位于科科斯板块与加勒比板块的俯冲边界，科科斯板块以约7厘米/年的速度向东北方向俯冲至中美洲下方，形成中美洲海沟。此次地震属于逆冲型断层破裂，是典型的大型俯冲带地震。历史上该地区曾发生多次强震，例如1932年哈里斯科州8.2级地震（深度约30公里，造成约400人死亡）和1985年米却肯州8.0级地震（深度约15公里，摧毁墨西哥城多处建筑，死亡超1万人）。本次地震震级与上述历史大震相近，但震源深度较深（47.4公里），且震中位于近海，因此对内陆浅层建筑的破坏模式有所不同。

地震破坏：
本次地震造成严重破坏。由于震级高且发生在凌晨，震中附近恰帕斯州、瓦哈卡州及塔巴斯科州的城镇大量老旧建筑倒塌或严重受损，多处路面开裂、地面出现裂缝和沙土液化现象。震中周边山区触发多起山体滑坡，阻塞道路。地震还激发了太平洋海啸，墨西哥沿岸监测到最大波高约1.7米的海啸波，远至秘鲁、厄瓜多尔等地均有海啸记录。据官方统计，地震共导致至少98人死亡，约250万人受到影响，受灾范围半径约200公里。","1778486929930"
"usc000nzvd","8.2","93 km NW of Iquique, Chile","25","1396396007260","基本概况：
2014年4月2日07时46分47秒（当地时间），智利北部伊基克市西北方向约93公里处发生一次8.2级强烈地震。震中位于南纬19.6097度，西经70.7691度，震源深度25.0公里。此次地震属于浅源特大地震，能量释放巨大，震动范围覆盖智利北部沿海及邻近地区。

科学解读：
该地震发生在纳斯卡板块与南美板块的汇聚边界上，属于典型的俯冲带型地震。纳斯卡板块向东俯冲插入南美板块下方，长期挤压积累的应力在板块界面突然释放，引发逆冲型断层破裂。该区域历史上曾多次发生强震，例如1877年伊基克附近曾发生8.5级地震并引发大海啸。本次8.2级地震深度约25公里，属于浅源地震，与历史同区域的大地震在震源机制和板块构造背景上高度一致。此类地震通常伴随显著的地壳变形和海啸风险。

地震破坏：
本次地震震级极高且震源较浅，对震中周边造成严重破坏。破坏类型包括：老旧和不抗震建筑倒塌或严重损毁；地面出现裂缝、砂土液化；沿海陡峭地形区域可能触发山体滑坡。由于震中位于海上，地震还引发了局地海啸，波浪高度可达数米，对智利北部沿海城镇构成威胁。受影响范围主要集中在智利北部塔拉帕卡大区及周边，距离震中100至200公里内的城镇如伊基克、阿里卡等地均有强烈震感，部分通信和电力中断。更远距离的秘鲁南部沿海地区也可能感受到晃动和海啸影响。","1778486941593"
"usp000jhjb","8.2","2012 Wharton Basin Aftershock","25.1","1334140990850","基本概况：
本次地震发生于2012年4月11日18时43分10秒（UTC），震中位于印度洋沃顿盆地（Wharton Basin），坐标北纬0.8020度、东经92.4630度，震级为矩震级8.2级，震源深度25.1公里。该地震是当日早些时候发生的8.6级主震的显著余震，属于同一发震序列。

科学解读：
a) 区域地质背景：沃顿盆地位于印度-澳大利亚板块内部，是一个复杂的洋内变形带。该区域并非典型的板块边界，而是板块内部应力积累导致的大洋岩石圈破裂。断层类型以走滑断裂为主，兼有少量逆冲分量。2012年主震和本次余震均发生在北北西向和北东向共轭走滑断层系上，反映了板块内部强烈的应力释放。
b) 历史同类地震比较：该区域历史上缺乏同等规模的板内地震记录。此次8.2级余震与主震（8.6级）构成罕见双震序列，震源深度相近（约25公里），均属浅源地震。此前全球仅有少数板内走滑地震达到8级以上，如2001年昆仑山口西8.1级地震，但后者发生在大陆内部。沃顿盆地地震因其发生在洋壳区域且引发远场海啸而备受关注。

地震破坏：
本次8.2级余震直接发生于远海，未对陆地造成直接的建筑倒塌或地面破裂。但其强烈震动可能导致震中区域的海底滑坡和沉积物失稳，并产生区域性海啸。观测到的海啸波高在印度洋沿岸多为50厘米以下，局部地区如印尼苏门答腊岛西部海岸有0.5~1米的海啸浪高，未造成显著建筑物破坏。由于震中远离人口密集区，未报告大规模人员伤亡或地面裂缝、山体滑坡等灾害。影响范围主要限于印度洋东部的海上航运和近岸海域，陆地区的震感在印尼、斯里兰卡、印度等地的沿海城市有轻微至中等体验，未引发次生灾害。","1778486953065"
"official20030925195006360_27","8.16","2003 Tokachi-Oki Earthquake","27","1064519406360","基本概况：
2003年9月26日03时50分06秒（当地时间），日本北海道十胜近海发生里氏8.2级强烈地震。震中位于北纬41.815度，东经143.910度，震源深度27.0公里。此次地震被称为“2003年十胜近海地震”，是日本东北地区太平洋沿岸近年来最具破坏性的地震之一。

科学解读：
a) 区域地质背景：该地震发生在太平洋板块向鄂霍次克板块（千岛-日本海沟北段）俯冲的边界上，属于典型的俯冲带逆冲断层型地震。太平洋板块以每年约8-9厘米的速度向西北方向俯冲，在俯冲界面累积巨大应变，最终导致断层突然破裂，引发强烈震动。
b) 历史类似地震对比：该区域历史上曾多次发生强烈地震，例如1952年十胜近海地震（M8.2，深度约45公里）和1968年十胜近海地震（M7.9，深度约30公里），均造成显著海啸和建筑物破坏。2003年地震的震级和深度与1952年地震相近，但震源更浅，导致海啸波高和沿岸破坏程度更为严重（最大海啸波高超过4米）。

地震破坏：
此次地震震中距离北海道东南海岸约100公里，强震波及北海道、东北地区大部。由于震级大且震源较浅，导致北海道南部至青森县沿岸出现严重烈度（最大震度7弱）。主要破坏包括：老旧木结构建筑倒塌、混凝土结构出现裂缝；海岸沿线出现大面积地面液化和地裂缝；多处山体滑坡堵塞道路；海啸波高在襟裳岬、十胜港等地超过4米，冲毁沿岸渔港、房屋和农田；地震引发局部地壳变形，部分海域海底抬升。受影响范围涵盖半径约300公里的区域，造成约850人受伤，数十人死亡，直接经济损失超过3000亿日元。","1778486965969"
"us6000f53e","8.1","2021 South Sandwich Islands Earthquake","22.79","1628793317231","基本概况：
2021年8月13日02时35分17秒（UTC），位于南大西洋的南桑威奇群岛地区发生了一次8.1级强烈地震。震中坐标为南纬58.3753度，西经25.2637度，震源深度约22.8公里，属于浅源地震。此次震级为Mw8.1，是2021年全球范围内记录到的震级最高的地震之一。

科学解读：
南桑威奇群岛地处斯科舍海板块与南美板块汇聚边界，属于典型的俯冲带地质构造。此处南美板块向南斯科舍海板块之下俯冲，形成海沟和岛弧，是大型逆冲型地震的频发区。本次地震即发生在该俯冲界面上，破裂机制以逆冲型为主。历史记录显示，该区域每隔数年至十几年便会发生一次7.5级以上地震。例如，2014年发生过一次8.0级地震（深度约30公里），2016年发生过一次7.9级地震（深度约50公里），深度均在浅源范围内。这些地震均未造成重大人员伤亡，主要原因是震中远离大陆，且周边人口极其稀少。

地震破坏：
由于震中位于南大洋深处，距最近陆地（南乔治亚岛）约800公里，距南美洲大陆更远，因此地震本身并未对建筑物、道路或基础设施造成直接破坏。但浅源8级以上地震通常伴随强烈的海啸风险。根据全球海啸预警系统资料，此次地震引发了局地海啸，在南桑威奇群岛周边观测到约数十厘米至一米左右的海啸波，并未对岛屿上无人永久定居的区域产生实质性危害。远距离海啸传播至南美洲沿岸时波高已大幅减弱，未报告人员伤亡或严重财产损失。整体而言，此次地震的破坏影响极为有限，属于典型的深海大地震无灾害案例。","1778486980823"
"us7000dflf","8.1","2021 Kermadec Islands, New Zealand Earthquake","28.93","1614886113178","基本概况：
2021年3月5日当地时间03时28分33秒，新西兰克马德克群岛发生8.1级地震，震源深度28.9公里，震中位于南纬29.7228度、西经177.2794度。此次地震是2021年全球记录到的强烈浅源地震之一，震中处于太平洋海域，距离新西兰北岛约1000公里。

科学解读：
区域地质背景：克马德克群岛位于太平洋板块与澳大利亚板块的交界处，属于环太平洋地震带的一部分。这里发育着克马德克俯冲带，太平洋板块向西北方向俯冲至澳大利亚板块之下，形成俯冲带逆冲断层。此次8.1级地震正是由于俯冲带板块边界应力积累后突然释放所致，属于典型的逆冲型地震。历史比较：克马德克地区历史上发生过多次7级以上强震，例如2006年5月该区域发生7.6级地震，深度约40公里，未造成重大人员伤亡；1917年该区域曾记录到8.2级地震，深度较浅，但当时人口稀少并未引发严重破坏。2021年此次8.1级地震与过往事件震级相近，深度接近典型浅源地震，但由于震中远离陆地，其直接地震动破坏程度相对较低。

地震破坏：
由于震中位于深海，克马德克群岛周边人烟稀少，建筑物极少，地震直接引发的地面晃动和断层破裂未造成明显建筑倒塌或地面裂缝。然而，浅源逆冲型地震剧烈扰动海床，触发了显著","1778487026389"
"usp000h1ys","8.1","2009 Samoa Earthquake","18","1254246490990","基本概况：
2009年9月30日当地时间凌晨1时48分，萨摩亚群岛南部海域发生一次强烈地震。震中位于南纬15.4890度，西经172.0950度，震源深度18.0公里，震级为8.1级。这是一次典型的浅源大地震，震中距离萨摩亚主岛约200公里。

科学解读：
该地震发生在太平洋板块与澳大利亚板块的汇聚边界，具体位于汤加海沟—克马德克海沟俯冲带南段。太平洋板块在此处以每年约80毫米的速度向西俯冲至澳大利亚板块之下，板块之间的强烈挤压导致上盘发生逆冲型错动。此次地震正是这种俯冲带逆冲断层突然破裂的结果。历史上该区域曾多次发生强震，例如1917年萨摩亚群岛曾发生8.0级地震并引发海啸，造成较大破坏；2006年汤加海域也曾发生8.0级地震，但深度较深（约55公里），破坏相对有限。相比之下，2009年这次地震震级更高、深度更浅，能量释放更为集中。

地震破坏：
由于震级大、震源浅，地震本身可导致震中附近岛屿出现强烈地面震动，造成传统木质房屋倒塌、钢筋混凝土建筑开裂甚至倒塌，沿海公路和桥梁可能受损。同时，浅源地震极易激发断层附近海底地形骤变，从而引发破坏性海啸。海啸波可在数十分钟内抵达萨摩亚、美属萨摩亚及汤加等地的沿岸低洼地区，造成沿海房屋、基础设施被冲毁，并可能伴随局部地面裂缝和滑坡。影响范围主要覆盖萨摩亚群岛、美属萨摩亚以及汤加北部岛屿，波及半径可达数百公里。","1778487064591"
"usp000f83m","8.1","2007 Solomon Islands Earthquake","24","1175459998710","基本概况：
2007年4月2日04时39分58秒（UTC），所罗门群岛海域发生里氏8.1级地震。震中位于南纬8.466度、东经157.043度，震源深度24.0千米。此次地震是所罗门群岛地区自20世纪以来记录到的强烈地震之一，震源较浅，能量释放巨大。

科学解读：
该地震发生在太平洋板块与澳大利亚板块的汇聚边界，属俯冲带逆冲型地震。所罗门群岛位于印澳板块向太平洋板块下方俯冲的弧后区域，板块间长期挤压导致应力积累，最终沿俯冲带断层面发生破裂。历史上，该区域曾多次发生8级左右强震，例如1977年所罗门群岛8.0级地震（深度约33千米）和1995年7.8级地震（深度约15千米），均造成不同程度破坏。本次地震震级（8.1）与前几次相当，深度（24千米）略浅于1977年地震，因此地面震动更为强烈，且更容易激发海啸。

地震破坏：
强烈的地面震动导致震中附近岛屿（如新乔治亚群岛、舒瓦瑟尔岛等）房屋倒塌、地面开裂，部分沿海地区出现沙土液化与山体滑坡。由于震源浅且位于海域，地震同时引发了破坏性海啸，波浪高度在部分岛屿沿岸达到10米以上，冲毁低洼地带村落和基础设施。影响范围覆盖所罗门群岛中部及西部诸岛，远至巴布亚新几内亚的布干维尔岛亦感受到震感，并遭受海啸波及。此次灾害共造成约50余人死亡、上百人受伤，数千人无家可归。","1778487155802"
"usp000f2ab","8.1","2007 Kuril Islands Earthquake","10","1168662201160","基本概况：
2007年1月13日12时23分21秒（协调世界时），在千岛群岛附近海域发生了一次震级为M8.1的大地震。震中位于北纬46.2430度，东经154.5240度，震源深度仅为10.0公里，属于浅源地震。此次地震被命名为2007年千岛群岛地震。

科学解读：
千岛群岛位于太平洋板块向鄂霍次克板块俯冲的汇聚边界上，属于典型的俯冲带构造环境。太平洋板块以每年约8至9厘米的速度向西北方向俯冲到鄂霍次克板块之下，形成了深长的海沟和活跃的火山弧。此次地震发生在板块俯冲界面上的逆冲断层上，是俯冲带应力积累后突然释放的结果。该区域历史上多次发生8级以上大地震，例如2006年11月15日发生的M8.3地震（震源深度约10公里）就与本次地震位置相邻，破坏程度类似。与本次地震相比，2006年地震也引发了区域性海啸，但均因震中远离人口稠密区而未造成重大人员伤亡。此外，该地区还曾发生过1952年堪察加半岛M9.0地震、1963年千岛群岛M8.5地震等强震，震源深度多在浅层，显示了俯冲带巨大的地震活动性。

地震破坏：
此次地震的震中位于海洋中，距最近有人定居的岛屿（如千岛群岛中的幌筵岛）约一百余公里，因此陆地上受到的震动影响相对有限。主要的破坏形式包括：强烈的地面震动可能引发附近岛屿上的房屋摇晃，老旧建筑可能发生墙体开裂或局部倒塌；地震还可能导致海岸附近的斜坡发生小型崩塌或滑坡。最显著的次生灾害是海啸：震中处于海洋，且震源浅、震级大，极易激发海啸。实际监测显示，本次地震引发了一次中等规模的海啸，波高在千岛群岛沿岸达到1至2米，部分地区更高，导致沿海低洼地带被淹没，小型渔船和码头设施受损。海啸波随后传播至日本北海道东岸以及更远的太平洋沿岸，但未造成严重破坏。受影响范围主要集中于千岛群岛中南部、俄罗斯勘察加半岛南部以及日本东北部沿海，总体破坏程度较轻，未报告大规模伤亡。","1778487173835"
"usp000db93","8.1","2004 Tasman Sea Earthquake","10","1103813944410","基本概况：
2004年12月23日22时59分04秒（协调世界时），塔斯曼海发生一次8.1级强烈地震。震中位于南纬49.3120度，东经161.3450度，震源深度仅10.0公里。这是一次浅源大地震，发生在大洋区域，距离最近的陆地（新西兰南岛东南方向）约800公里。

科学解读：
该地震发生在澳大利亚板块与太平洋板块的边界附近，具体位于麦夸里洋脊以南的转换断层与俯冲带复合区域。此处板块运动以汇聚和走滑为主，大洋岩石圈在长期应力积累下突然破裂，逆断层或走滑断层错动引发此次8.1级地震。塔斯曼海及周边海域历史上曾多次发生7级以上地震，例如1928年该区域曾发生一次8.0级地震（深度约15公里），未造成直接人员伤亡；1989年一次7.5级地震（深度约20公里）同样未对陆地产生显著破坏。本次地震的震级、深度与这些历史事件相似，均属于典型的海洋板缘强震，由于远离人口稠密区，其直接破坏力较弱。

地震破坏：
由于震中远离陆地且位于深海，本次地震未对沿岸建筑物或基础设施造成直接损毁。主要潜在破坏来自地震引发的海啸：震中附近海水剧烈扰动，形成海啸波向四周传播，对新西兰东南沿海、澳大利亚东部沿海及南太平洋部分岛屿可能产生1至2米的浪高，但未造成重大海岸灾害。此外，海底电缆可能因震中区海底滑坡或地壳错动而受损，但无公开记录显示严重中断。受影响范围主要集中在震中半径数百公里的海域，陆地无明显震感或地面裂缝、滑坡等次生灾害报告。总体而言，这是一次高震级但低灾害损失的海洋地震。","1778487189186"
"us60003sc0","8","78 km NE of Navarro, Peru","122.57","1558856475073","基本概况：
本次地震发生于2019年5月26日15时41分15秒（北京时间），震中位于秘鲁纳瓦罗东北约78公里处，具体坐标为南纬5.8119度、西经75.2697度。震级为8.0级，震源深度122.6公里。这是一次发生在南美洲秘鲁北部地区的强烈地震。

科学解读：
a) 该区域属于环太平洋地震带，位于纳斯卡板块与南美板块的汇聚边界。纳斯卡板块向东俯冲至南美板块之下，形成典型的俯冲带构造。本次地震的震源深度为122.6公里，属于中源地震，推测由俯冲带内部的逆冲断层活动引发，而非板间浅源地震。
b) 历史上，该地区曾发生过多次类似震级的地震。例如，2007年8月15日秘鲁皮斯科附近发生8.0级浅源地震（深度约39公里），造成严重破坏和大量伤亡。本次地震震源深度更深（122.6公里），因此地表破坏程度通常显著低于同震级浅源地震。1970年秘鲁钦博特7.9级浅源地震也曾造成巨大灾难。相比之下，本次中源地震释放的能量在向地表传播过程中衰减更多，震中区周边人口密度较低，预估破坏范围相对有限。

地震破坏：
由于震源深度较大（122.6公里），地震能量在传播至地表时衰减明显，因此不会像浅源地震那样引发大范围严重的建筑物倒塌。震中周围为秘鲁亚马逊雨林地区，城镇稀疏，建筑物以低层木结构或简易房屋为主，预计局部可能出现墙体开裂、瓦片脱落和部分老旧房屋受损。地面可能产生少量裂缝，但因覆土较厚且植被密集，滑坡和崩塌风险仅限于坡度较陡的河岸或山坡。地震震中距海洋较远（约150公里），且为俯冲带中源地震，不易激发显著海啸，可基本排除海啸威胁。受影响区域主要包括震中附近的小型村镇，以及距离震中约200公里范围内的城市如伊基托斯、尤里马瓜斯等，这些地区可能感受到强烈摇晃，但导致建筑物整体倒塌的概率较低。整体而言，本次地震的破坏范围较小，但需注意余震可能引发次生灾害。","1778487285430"
"usc000f1s0","8","2013 Santa Cruz Islands Earthquake","24","1360113145830","基本概况：
2013年2月6日09时12分25秒（协调世界时），在圣克鲁斯群岛（南纬10.7990度，东经165.1140度）发生了一次8.0级强烈地震，震源深度为24.0公里。此次地震是2013年全球震级最强的地震之一，发生在太平洋板块与澳大利亚板块交汇的俯冲带区域。

科学解读：
a) 区域地质背景：圣克鲁斯群岛位于西南太平洋，处于澳大利亚板块向太平洋板块下方俯冲的边界带上，属于典型的俯冲带型地震。该区域板块运动以逆冲型断裂为主，即太平洋板块以约90毫米/年的速度向西俯冲向澳大利亚板块下方，长期积累的应力突然释放导致此次8.0级地震。
b) 历史相似地震对比：该区域历史上曾发生过多次强震，例如2007年8月圣克鲁斯群岛发生8.1级地震（深度约10公里）并引发海啸，造成人员伤亡和沿岸破坏。2013年这次地震与2007年地震震级接近，但深度稍深（24公里），因此地面震动范围更大，但由于震中远离人口密集区，破坏程度相对较低。此外，1995年该区域也曾发生8.0级地震，未引发大规模灾难。

地震破坏：
由于此次地震震级极高且深度较浅，预计产生强烈的地面震动。主要破坏类型包括：沿海岛屿上的木结构房屋和简易建筑可能出现开裂或倒塌；山体斜坡区域可能引发滑坡和坠石；震中附近海域可能引发局部海啸，浪高可达数米，对沿岸低洼地区造成淹没和船只损坏。影响范围方面，强烈震感覆盖整个圣克鲁斯群岛及周边岛屿（如所罗门群岛北部），半径约300公里内可感受到明显晃动。由于震中距人口密集区较远，直接人员伤亡相对有限，但海啸预警曾波及整个西南太平洋区域，部分沿岸城镇需紧急疏散。","1778487307066"
"usp000fjta","8","41 km SW of San Vicente de Cañete, Peru","39","1187221257890","基本概况：
2007年8月16日07时40分57秒（当地时间），在秘鲁利马省西南约41公里处的卡涅特市附近海域发生了一次震级为8.0级的强烈地震。震中位于南纬13.386度，西经76.603度，震源深度为39.0公里。此次地震是秘鲁近几十年来遭遇的最强地震之一，震中距离首都利马约150公里，对沿海人口密集区造成了显著影响。

科学解读：
该地震发生在纳斯卡板块与南美板块的俯冲带交界处。纳斯卡板块以每年约7至8厘米的速度向东俯冲到南美板块之下，在板块边界形成巨大的逆冲断层。此次8.0级地震正是典型的板块边界逆冲型地震，破裂发生在俯冲界面附近。秘鲁沿海历史上曾多次发生类似巨大地震，例如2001年阿雷基帕地区8.4级地震（深度约33公里）造成约2400人死亡，以及1970年安卡什地区7.9级地震（深度约45公里）引发灾难性滑坡和雪崩，导致约7万人死亡。本次地震的震级和深度与这些历史事件相当，属于该区域典型的“巨型逆冲地震”序列。

地震破坏：
由于震级极大且震源深度较浅（39公里），震中附近及周边地区遭受了广泛而严重的破坏。在震中西南方向的沿海城镇（如圣维森特德卡涅特、钦查阿尔塔等），大量砖石结构和土坯房屋倒塌或严重受损，震感强烈区域半径超过200公里。强震动还引发了局部山体滑坡和地面裂隙，尤其在安第斯山脉西麓的陡坡地带。同时，地震触发了太平洋海啸，据观测在秘鲁中南部海岸出现约1至3米高的浪涌，冲击了低洼沿海社区。此次地震最终确认造成约514人死亡，超过1000人受伤，数万间房屋损毁，受灾范围覆盖利马大区、伊卡省等多个省份，经济损失估计高达数十亿美元。","1778487340010"
"usp000eg5g","8","2006 Tonga Earthquake","55","1146670000290","基本概况：
2006年5月3日23时26分40秒（UTC），在汤加地区（南纬20.1870度，西经174.1230度）发生了一次里氏8.0级强烈地震，震源深度为55.0公里。此次地震被命名为2006年汤加地震，是一次发生在太平洋板块与澳大利亚板块交界处的浅源大地震。地震发生在当地时间次日凌晨，震中位于汤加群岛附近海域。

科学解读：
a) 该区域位于太平洋板块与澳大利亚板块之间的汇聚边界，属于俯冲带构造。太平洋板块在此处以每年约6-8厘米的速度向西俯冲至澳大利亚板块之下，形成汤加海沟。这次地震是由于俯冲带内应力积累超过岩石强度而发生的逆冲型破裂，震源机制以逆断层为主，属于典型的俯冲带板间地震。b) 汤加及邻近的斐济、克马德克群岛一带是地球上地震最活跃的区域之一。历史上该区域多次发生8级以上大地震，例如1917年汤加地区曾发生约8.2级地震，1977年发生8.0级地震，1995年则发生过7.7级地震。这些历史地震的深度多在浅中源范围（10-70公里），且多伴随海啸。本次8.0级地震的震源深度为55公里，属于中浅源地震，其能量释放规模与历史类似地震相当，但由于震中远离人口稠密岛屿，并未造成特别严重的人员伤亡（历史记录显示当时未报告大规模死亡）。

地震破坏：
由于震中位于海域，距离汤加主岛较远，因此直接由地面震动导致的建筑倒塌和地面裂缝主要集中在无人居住的较小岛礁上。震中附近海底可能发生错动，触发了局地海啸，对汤加沿岸及周边岛屿造成淹没威胁，但海啸波高相对有限（约0.5-1米左右）。对于汤加群岛中较大岛屿如汤加塔布岛，受到的震动影响烈度估计在VI度至VII度之间，可能造成部分老旧建筑出现墙体开裂、屋顶瓦片掉落等轻微至中等破坏。此外，强烈震动可能引发沿岸礁石区滑坡以及水下塌陷。由于震源深度较大（55公里），破坏性远小于浅源地震，整体影响范围集中在距离震中200-300公里内的群岛区域。","1778487357046"
"usp000a3qq","8","2000 New Ireland Earthquake","33","974350496740","基本概况：
2000年11月16日12时54分56秒，在巴布亚新几内亚新爱尔兰岛附近海域发生了一次里氏8.0级特大地震。震中位于南纬3.98度，东经152.169度，震源深度为33.0公里。此次地震被命名为2000年新爱尔兰地震，是一次发生在浅源区域的强烈地震。浅源地震往往比深源地震对地表造成更直接的震动影响，8.0级的巨大能量释放使其成为当年全球最显著的地震事件之一。

科学解读：
a) 区域地质背景：震中位于太平洋板块与澳大利亚板块的交界带，具体处于新爱尔兰地区以北的俯冲带。太平洋板块在此处以较快的速度向西南方向俯冲到澳大利亚板块之下，形成了复杂的板块边界和活跃的地震活动。该区域的板块边界以逆冲断层为主，震源机制解显示这是一次典型的逆冲型地震，与板块俯冲作用直接相关。新爱尔兰岛本身位于弧后盆地边缘，地壳构造应力高度集中，因此地震频发且震级较大。

b) 历史相似地震对比：该区域历史上曾多次发生强震，例如1878年的一次8.0级地震也发生在附近海域，其深度和震级与本次地震相近，当时造成了显著的海啸和建筑物破坏。另外，1995年2月在同一区域发生了一次7.7级地震，深度约15公里，导致岛屿多处山体滑坡和少量房屋倒塌。与这些历史事件相比，2000年这次地震的震级更高，且震源深度为33公里，相对较浅，因此地表振动和破坏潜力更大。浅源深度的特点使得地震波能量较少被地壳吸收，更容易传递到地表。

地震破坏：
由于震级高达8.0级且震源较浅，此次地震造成了广泛的破坏。在震中附近的新爱尔兰岛和布干维尔岛等区域，建筑物遭受了严重破坏，许多木结构和简易房屋倒塌或严重受损。地面出现多处裂缝、地陷和山体滑坡，尤其在丘陵和山区地带滑坡频发，阻塞了部分道路与河流。由于地震发生在海域，引发了局部海啸，沿海低洼地区被海水淹没数米深，导致渔村及港口设施受损。此次地震的影响范围覆盖了巴布亚新几内亚东部岛屿及所罗门群岛北部地区，受影响范围半径超过数百公里。尽管具体伤亡数字因当地通讯条件有限而难以快速统计，但总体而言，由于该区域人口密度相对较低，人员伤亡较之同等级别在其他人口稠密地区的地震要少。","1778487395027"
